SimulationID,SimulationName
cc90f8ec-5517-11e9-87d7-2016b9e33e9b,NS-Low
0db25d98-5515-11e9-8c47-2016b9e33e9b,BM
550c6a36-5527-11e9-bd29-2016b9e33e9b,KL-Low
b38482f6-5514-11e9-a236-2016b9e33e9b,NS-High
63d09328-5527-11e9-b6af-2016b9e33e9b,KL-High
4db65458-5569-11e9-9e79-2016b9e33e9b,HC-low
2787919c-556a-11e9-a81f-2016b9e33e9b,HC-High
890b099a-55de-11e9-abfc-2016b9e33e9b,BL-Low
5df2ed5a-560a-11e9-9dfc-2016b9e33e9b,SV-Low
74db920c-560a-11e9-9f81-2016b9e33e9b,SV-High
1db89a58-5515-11e9-ae40-2016b9e33e9b,High-NS
f958854a-55d9-11e9-a59c-2016b9e33e9b,BL-High
00f717de-5518-11e9-93fa-2016b9e33e9b,Low-NS
df43b7b4-5628-11e9-9d70-2016b9e33e9b,SLR-High
abd664de-5628-11e9-98d6-2016b9e33e9b,SLR-low
91f6fbda-5517-11e9-8422-2016b9e33e9b,Base Case
