hour,stop,min,median,sum,max,mean
00:00 - 00:59,Amsteldijk,2.5,3.75,77.75,5.75,2.356060606060606
00:00 - 00:59,Amstelstation,10.0,68.5,4398.333333333335,113.33333333333333,133.28282828282832
00:00 - 00:59,Amstelveenseweg,6.0,14.0,673.0,75.5,20.393939393939394
00:00 - 00:59,Bullewijk,49.0,114.0,3626.5,155.0,109.89393939393939
00:00 - 00:59,Burg.de Vlugtlaan,10.0,18.0,711.0,56.0,21.545454545454547
00:00 - 00:59,Centraal Station,26.75,73.6,11159.050000000001,327.0,338.15303030303033
00:00 - 00:59,Cornelis Troostplein,5.0,5.5,38.0,6.0,1.1515151515151516
00:00 - 00:59,Dam,2.0,9.0,903.9333333333334,30.333333333333332,27.391919191919193
00:00 - 00:59,De Pijp,15.0,36.0,7948.5,259.0,240.86363636363637
00:00 - 00:59,Europaplein,91.0,148.0,5527.0,881.0,167.4848484848485
00:00 - 00:59,Gaasperplas,37.0,66.0,2487.0,183.0,75.36363636363636
00:00 - 00:59,Gein,40.5,50.5,1679.0,68.0,50.878787878787875
00:00 - 00:59,Gerrit v.d. Veenstraat,5.0,7.0,157.5,12.0,4.7727272727272725
00:00 - 00:59,Heemstedestraat,7.0,15.5,515.0,28.5,15.606060606060606
00:00 - 00:59,Henk Sneevlietweg,17.0,33.0,1207.0,72.0,36.57575757575758
00:00 - 00:59,IJsbaanpad,5.5,5.5,5.5,5.5,0.16666666666666666
00:00 - 00:59,Isolatorweg,5.5,12.25,534.0,127.5,16.181818181818183
00:00 - 00:59,Jan v.Galenstraat,11.0,29.0,1045.5,64.5,31.681818181818183
00:00 - 00:59,Keizersgracht,3.3333333333333335,5.333333333333333,143.0,8.333333333333334,4.333333333333333
00:00 - 00:59,Koningsplein,5.0,13.666666666666668,943.9999999999999,27.333333333333332,28.606060606060602
00:00 - 00:59,Kraaienneststation,80.0,127.0,4126.0,161.0,125.03030303030303
00:00 - 00:59,Leidseplein,5.666666666666667,38.2,2375.666666666667,81.6,71.989898989899
00:00 - 00:59,Maasstraat,5.0,5.5,33.0,6.0,1.0
00:00 - 00:59,Marie Heinekenplein,10.0,12.0,116.0,21.0,3.515151515151515
00:00 - 00:59,Minervaplein,10.0,12.0,24.0,14.0,0.7272727272727273
00:00 - 00:59,Muntplein,10.0,13.0,534.0,25.0,16.181818181818183
00:00 - 00:59,Museumplein,3.3333333333333335,6.166666666666666,225.00000000000003,10.0,6.818181818181819
00:00 - 00:59,Nieuwezijds Kolk,2.0,8.8,317.2,13.4,9.612121212121211
00:00 - 00:59,Nieuwmarkt,13.0,33.0,1131.3333333333335,50.0,34.28282828282829
00:00 - 00:59,Noord,339.0,476.0,16121.0,776.0,488.5151515151515
00:00 - 00:59,Noorderpark,128.0,178.0,6026.0,416.0,182.6060606060606
00:00 - 00:59,Olympiaplein,5.0,7.0,171.0,12.0,5.181818181818182
00:00 - 00:59,Olympiaweg,5.0,7.0,158.0,12.5,4.787878787878788
00:00 - 00:59,Olympisch stadion,5.5,11.5,373.5,21.0,11.318181818181818
00:00 - 00:59,Overamstel,12.0,31.0,1147.5,60.5,34.77272727272727
00:00 - 00:59,Postjesweg,6.0,16.0,569.5,39.0,17.257575757575758
00:00 - 00:59,Prinsengracht,11.333333333333334,27.333333333333332,855.6666666666666,42.666666666666664,25.929292929292927
00:00 - 00:59,Reigersbos,44.5,61.5,2048.0,79.5,62.06060606060606
00:00 - 00:59,Rijksmuseum,3.3333333333333335,7.0,303.0,21.666666666666668,9.181818181818182
00:00 - 00:59,Roelof Hartplein,3.3333333333333335,6.25,633.6666666666666,34.5,19.2020202020202
00:00 - 00:59,Rokin,3.3333333333333335,124.0,5656.0,235.0,171.3939393939394
00:00 - 00:59,Scheldestraat,5.0,5.5,87.0,8.5,2.6363636363636362
00:00 - 00:59,Spaklerweg,20.0,32.0,1113.666666666667,77.33333333333333,33.747474747474755
00:00 - 00:59,Spui,3.3333333333333335,4.666666666666667,178.66666666666666,8.666666666666666,5.4141414141414135
00:00 - 00:59,Station Bijlmer ArenA,84.0,134.0,4803.0,360.5,145.54545454545453
00:00 - 00:59,Station Diemen-Zuid,78.0,115.0,3867.0,163.0,117.18181818181819
00:00 - 00:59,Station Duivendrecht,11.5,20.0,769.5,57.0,23.318181818181817
00:00 - 00:59,Station Holendrecht,35.0,42.5,1486.5,65.5,45.04545454545455
00:00 - 00:59,Station Lelylaan,14.0,28.0,951.5,73.5,28.833333333333332
00:00 - 00:59,Station RAI,16.0,27.5,1727.0,691.0,52.333333333333336
00:00 - 00:59,Station Sloterdijk,19.0,42.5,1574.5,125.0,47.71212121212121
00:00 - 00:59,Station Zuid,235.5,375.0,12064.5,526.5,365.59090909090907
00:00 - 00:59,Strandvliet,24.5,40.5,1466.0,137.5,44.42424242424242
00:00 - 00:59,VU medisch centrum,5.0,7.0,165.0,17.5,5.0
00:00 - 00:59,Van Baerlestraat,3.3333333333333335,7.666666666666667,312.0,20.333333333333332,9.454545454545455
00:00 - 00:59,Van der Madeweg,18.0,52.5,2049.0,276.0,62.09090909090909
00:00 - 00:59,Venserpolder,46.0,79.0,2658.0,127.0,80.54545454545455
00:00 - 00:59,Verrijn Stuartweg,10.0,21.0,542.0,28.0,16.424242424242426
00:00 - 00:59,Victorieplein,3.6666666666666665,7.166666666666666,238.33333333333331,12.0,7.222222222222221
00:00 - 00:59,Vijzelgracht,10.0,133.0,4610.0,190.0,139.6969696969697
00:00 - 00:59,Waalstraat,5.0,6.25,63.0,8.5,1.9090909090909092
00:00 - 00:59,Waterlooplein,35.666666666666664,68.0,2237.666666666667,90.33333333333333,67.80808080808082
00:00 - 00:59,Weesperplein,18.666666666666668,37.0,1193.3333333333333,54.666666666666664,36.16161616161616
00:00 - 00:59,Wibautstraat,41.666666666666664,60.333333333333336,1974.0,80.0,59.81818181818182
01:00 - 01:59,Amstelstation,3.3333333333333335,10.0,565.6666666666666,53.0,17.141414141414142
01:00 - 01:59,Bullewijk,6.5,9.5,19.0,12.5,0.5757575757575758
01:00 - 01:59,Centraal Station,8.333333333333334,15.666666666666666,546.3333333333336,35.333333333333336,16.555555555555564
01:00 - 01:59,Dam,3.3333333333333335,4.0,91.66666666666666,7.0,2.7777777777777777
01:00 - 01:59,De Pijp,11.0,13.0,152.5,19.0,4.621212121212121
01:00 - 01:59,Europaplein,16.0,18.0,61.0,27.0,1.8484848484848484
01:00 - 01:59,Gaasperplas,10.0,10.0,10.0,10.0,0.30303030303030304
01:00 - 01:59,Gein,5.0,6.75,27.0,8.5,0.8181818181818182
01:00 - 01:59,Koningsplein,3.6666666666666665,3.6666666666666665,3.6666666666666665,3.6666666666666665,0.1111111111111111
01:00 - 01:59,Kraaienneststation,41.0,41.0,41.0,41.0,1.2424242424242424
01:00 - 01:59,Leidseplein,3.4,9.0,300.20000000000005,20.4,9.096969696969698
01:00 - 01:59,Museumplein,3.3333333333333335,3.3333333333333335,3.3333333333333335,3.3333333333333335,0.10101010101010101
01:00 - 01:59,Nieuwezijds Kolk,2.0,2.6,24.2,3.8,0.7333333333333333
01:00 - 01:59,Noord,45.0,82.0,2709.0,144.0,82.0909090909091
01:00 - 01:59,Noorderpark,12.0,22.0,817.0,45.0,24.757575757575758
01:00 - 01:59,Prinsengracht,3.3333333333333335,3.3333333333333335,10.0,3.3333333333333335,0.30303030303030304
01:00 - 01:59,Reigersbos,5.0,5.0,19.5,9.5,0.5909090909090909
01:00 - 01:59,Rijksmuseum,4.333333333333333,5.0,22.0,7.666666666666667,0.6666666666666666
01:00 - 01:59,Roelof Hartplein,3.3333333333333335,3.3333333333333335,6.666666666666667,3.3333333333333335,0.20202020202020202
01:00 - 01:59,Rokin,3.6666666666666665,15.0,494.00000000000006,29.0,14.96969696969697
01:00 - 01:59,Spaklerweg,3.3333333333333335,3.6666666666666665,30.0,8.333333333333334,0.9090909090909091
01:00 - 01:59,Station Bijlmer ArenA,7.0,10.25,20.5,13.5,0.6212121212121212
01:00 - 01:59,Station Holendrecht,5.0,5.25,10.5,5.5,0.3181818181818182
01:00 - 01:59,Station Zuid,16.5,39.0,1117.5,70.5,33.86363636363637
01:00 - 01:59,Strandvliet,9.0,9.0,9.0,9.0,0.2727272727272727
01:00 - 01:59,Victorieplein,3.6666666666666665,4.0,11.666666666666666,4.0,0.35353535353535354
01:00 - 01:59,Vijzelgracht,10.0,12.0,99.0,16.0,3.0
01:00 - 01:59,Waterlooplein,4.0,4.0,4.0,4.0,0.12121212121212122
02:00 - 02:59,Dam,3.3333333333333335,4.333333333333333,55.33333333333333,6.333333333333333,1.6767676767676767
02:00 - 02:59,Leidseplein,2.0,4.0,102.8,5.8,3.1151515151515152
02:00 - 02:59,Nieuwezijds Kolk,2.0,2.0,2.0,2.0,0.06060606060606061
02:00 - 02:59,Rokin,3.6666666666666665,3.6666666666666665,3.6666666666666665,3.6666666666666665,0.1111111111111111
02:00 - 02:59,Spaklerweg,3.3333333333333335,3.3333333333333335,10.666666666666668,4.0,0.32323232323232326
02:00 - 02:59,Station Bijlmer ArenA,12.0,12.0,12.0,12.0,0.36363636363636365
02:00 - 02:59,Victorieplein,3.3333333333333335,3.3333333333333335,3.3333333333333335,3.3333333333333335,0.10101010101010101
03:00 - 03:59,Dam,3.3333333333333335,3.5,35.0,8.0,1.0606060606060606
03:00 - 03:59,Leidseplein,2.0,2.4,32.6,4.0,0.9878787878787879
03:00 - 03:59,Rokin,4.666666666666667,5.0,10.0,5.333333333333333,0.30303030303030304
03:00 - 03:59,Spaklerweg,3.6666666666666665,3.6666666666666665,3.6666666666666665,3.6666666666666665,0.1111111111111111
03:00 - 03:59,Station Bijlmer ArenA,9.5,9.5,9.5,9.5,0.2878787878787879
03:00 - 03:59,Strandvliet,11.5,11.5,11.5,11.5,0.3484848484848485
04:00 - 04:59,Dam,3.3333333333333335,3.6666666666666665,12.0,5.0,0.36363636363636365
04:00 - 04:59,Leidseplein,2.0,2.4,37.0,3.8,1.121212121212121
04:00 - 04:59,Spaklerweg,3.6666666666666665,3.6666666666666665,3.6666666666666665,3.6666666666666665,0.1111111111111111
04:00 - 04:59,Station Bijlmer ArenA,36.0,36.0,36.0,36.0,1.0909090909090908
04:00 - 04:59,Victorieplein,3.6666666666666665,3.833333333333333,7.666666666666666,4.0,0.2323232323232323
05:00 - 05:59,Dam,3.3333333333333335,4.333333333333333,102.00000000000003,7.666666666666667,3.0909090909090917
05:00 - 05:59,Leidseplein,2.0,2.6,54.400000000000006,4.6,1.6484848484848487
05:00 - 05:59,Spaklerweg,5.333333333333333,5.333333333333333,5.333333333333333,5.333333333333333,0.1616161616161616
05:00 - 05:59,Station Bijlmer ArenA,73.0,73.0,73.0,73.0,2.212121212121212
05:00 - 05:59,Strandvliet,20.5,20.5,20.5,20.5,0.6212121212121212
05:00 - 05:59,Victorieplein,3.3333333333333335,3.3333333333333335,3.3333333333333335,3.3333333333333335,0.10101010101010101
06:00 - 06:59,Amstelstation,3.3333333333333335,3.6666666666666665,32.66666666666667,18.666666666666668,0.9898989898989901
06:00 - 06:59,Amstelveenseweg,10.5,11.25,22.5,12.0,0.6818181818181818
06:00 - 06:59,Bullewijk,5.0,5.0,10.0,5.0,0.30303030303030304
06:00 - 06:59,Centraal Station,3.3333333333333335,4.666666666666667,337.33333333333337,253.33333333333334,10.222222222222223
06:00 - 06:59,Dam,3.6666666666666665,6.333333333333333,212.33333333333334,9.0,6.434343434343434
06:00 - 06:59,Henk Sneevlietweg,11.5,11.5,11.5,11.5,0.3484848484848485
06:00 - 06:59,Isolatorweg,7.0,8.0,16.0,9.0,0.48484848484848486
06:00 - 06:59,Leidseplein,2.2,3.2,94.00000000000001,4.8,2.848484848484849
06:00 - 06:59,Nieuwmarkt,12.0,12.0,12.0,12.0,0.36363636363636365
06:00 - 06:59,Noorderpark,37.0,37.0,37.0,37.0,1.121212121212121
06:00 - 06:59,Overamstel,10.5,10.5,10.5,10.5,0.3181818181818182
06:00 - 06:59,Rijksmuseum,4.0,4.0,4.0,4.0,0.12121212121212122
06:00 - 06:59,Rokin,3.3333333333333335,4.0,96.66666666666666,6.666666666666667,2.929292929292929
06:00 - 06:59,Spaklerweg,3.3333333333333335,4.5,9.0,5.666666666666667,0.2727272727272727
06:00 - 06:59,Station Bijlmer ArenA,7.5,15.25,126.0,88.0,3.8181818181818183
06:00 - 06:59,Station Duivendrecht,5.0,6.5,96.5,53.5,2.9242424242424243
06:00 - 06:59,Station Lelylaan,21.5,21.5,21.5,21.5,0.6515151515151515
06:00 - 06:59,Station RAI,8.0,17.25,34.5,26.5,1.0454545454545454
06:00 - 06:59,Station Sloterdijk,5.0,5.0,10.0,5.0,0.30303030303030304
06:00 - 06:59,Station Zuid,52.5,52.5,52.5,52.5,1.5909090909090908
06:00 - 06:59,Strandvliet,11.5,12.75,25.5,14.0,0.7727272727272727
06:00 - 06:59,Waterlooplein,3.3333333333333335,13.0,26.0,22.666666666666668,0.7878787878787878
06:00 - 06:59,Weesperplein,20.666666666666668,20.666666666666668,20.666666666666668,20.666666666666668,0.6262626262626263
06:00 - 06:59,Wibautstraat,4.333333333333333,12.166666666666666,24.333333333333332,20.0,0.7373737373737373
07:00 - 07:59,Amstelstation,9.333333333333334,14.666666666666666,532.0,59.666666666666664,16.12121212121212
07:00 - 07:59,Amstelveenseweg,5.0,8.0,574.0,317.5,17.393939393939394
07:00 - 07:59,Bullewijk,6.5,9.25,334.0,23.5,10.121212121212121
07:00 - 07:59,Burg.de Vlugtlaan,5.0,6.25,91.5,21.0,2.772727272727273
07:00 - 07:59,Centraal Station,4.0,23.200000000000003,4874.4000000000015,318.6666666666667,147.70909090909095
07:00 - 07:59,Dam,2.0,4.0,334.1333333333333,11.0,10.125252525252526
07:00 - 07:59,De Pijp,15.0,35.0,1277.0,78.0,38.696969696969695
07:00 - 07:59,Europaplein,11.0,22.0,900.0,112.0,27.272727272727273
07:00 - 07:59,Gein,5.0,8.0,250.5,15.0,7.590909090909091
07:00 - 07:59,Heemstedestraat,5.0,6.25,118.5,18.5,3.590909090909091
07:00 - 07:59,Henk Sneevlietweg,5.0,7.75,271.0,25.5,8.212121212121213
07:00 - 07:59,Isolatorweg,5.0,6.0,12.0,7.0,0.36363636363636365
07:00 - 07:59,Jan v.Galenstraat,5.0,8.5,256.0,26.5,7.757575757575758
07:00 - 07:59,Koningsplein,3.6666666666666665,3.6666666666666665,3.6666666666666665,3.6666666666666665,0.1111111111111111
07:00 - 07:59,Kraaienneststation,24.0,24.0,24.0,24.0,0.7272727272727273
07:00 - 07:59,Leidseplein,2.2,4.6,145.39999999999998,8.2,4.406060606060605
07:00 - 07:59,Museumplein,3.3333333333333335,4.0,51.66666666666667,5.333333333333333,1.5656565656565657
07:00 - 07:59,Nieuwezijds Kolk,2.0,3.7,115.0,6.2,3.484848484848485
07:00 - 07:59,Nieuwmarkt,3.6666666666666665,14.0,467.66666666666663,23.666666666666668,14.171717171717171
07:00 - 07:59,Noord,15.0,32.0,1307.0,191.0,39.60606060606061
07:00 - 07:59,Noorderpark,10.0,15.0,463.0,30.0,14.030303030303031
07:00 - 07:59,Overamstel,5.0,7.0,159.5,16.5,4.833333333333333
07:00 - 07:59,Postjesweg,5.0,6.0,43.5,9.0,1.3181818181818181
07:00 - 07:59,Prinsengracht,3.3333333333333335,3.3333333333333335,3.3333333333333335,3.3333333333333335,0.10101010101010101
07:00 - 07:59,Reigersbos,7.5,10.5,368.0,23.0,11.151515151515152
07:00 - 07:59,Rijksmuseum,3.3333333333333335,4.333333333333333,14.666666666666668,7.0,0.4444444444444445
07:00 - 07:59,Rokin,3.3333333333333335,40.5,2354.666666666666,119.0,71.35353535353534
07:00 - 07:59,Spaklerweg,4.0,6.666666666666667,203.6666666666667,13.0,6.171717171717173
07:00 - 07:59,Spui,3.3333333333333335,4.166666666666666,24.666666666666668,4.666666666666667,0.7474747474747475
07:00 - 07:59,Station Bijlmer ArenA,20.5,31.0,1087.5,65.0,32.95454545454545
07:00 - 07:59,Station Diemen-Zuid,10.0,13.0,111.0,18.0,3.3636363636363638
07:00 - 07:59,Station Duivendrecht,11.5,23.0,886.5,78.0,26.863636363636363
07:00 - 07:59,Station Holendrecht,11.0,30.5,967.0,39.5,29.303030303030305
07:00 - 07:59,Station Lelylaan,9.0,14.5,489.5,24.0,14.833333333333334
07:00 - 07:59,Station RAI,7.0,25.5,983.0,87.5,29.78787878787879
07:00 - 07:59,Station Sloterdijk,7.0,20.0,743.0,90.5,22.515151515151516
07:00 - 07:59,Station Zuid,76.5,147.0,5676.0,490.5,172.0
07:00 - 07:59,Strandvliet,5.0,8.5,284.5,15.5,8.621212121212121
07:00 - 07:59,VU medisch centrum,5.5,5.5,5.5,5.5,0.16666666666666666
07:00 - 07:59,Van Baerlestraat,3.3333333333333335,3.6666666666666665,22.000000000000004,4.0,0.6666666666666667
07:00 - 07:59,Van der Madeweg,15.0,18.75,90.0,37.5,2.727272727272727
07:00 - 07:59,Venserpolder,12.0,12.0,12.0,12.0,0.36363636363636365
07:00 - 07:59,Victorieplein,4.666666666666667,4.666666666666667,4.666666666666667,4.666666666666667,0.14141414141414144
07:00 - 07:59,Vijzelgracht,11.0,17.5,554.0,30.0,16.78787878787879
07:00 - 07:59,Waterlooplein,4.0,13.666666666666666,463.6666666666667,29.666666666666668,14.050505050505052
07:00 - 07:59,Weesperplein,6.666666666666667,11.666666666666666,423.0,25.333333333333332,12.818181818181818
07:00 - 07:59,Wibautstraat,6.666666666666667,9.333333333333334,342.3333333333334,21.666666666666668,10.373737373737377
08:00 - 08:59,Amstelstation,10.0,28.666666666666668,1217.3333333333333,78.66666666666667,36.888888888888886
08:00 - 08:59,Amstelveenseweg,10.5,17.75,3138.5,2540.5,95.10606060606061
08:00 - 08:59,Bullewijk,17.0,23.5,771.0,39.5,23.363636363636363
08:00 - 08:59,Burg.de Vlugtlaan,5.0,8.5,260.5,16.0,7.893939393939394
08:00 - 08:59,Centraal Station,15.5,45.625,8888.433333333334,268.6666666666667,269.34646464646465
08:00 - 08:59,Cornelis Troostplein,5.0,5.25,10.5,5.5,0.3181818181818182
08:00 - 08:59,Dam,2.6,7.333333333333333,1097.8666666666666,26.666666666666668,33.26868686868686
08:00 - 08:59,De Pijp,15.0,24.0,3253.0,144.0,98.57575757575758
08:00 - 08:59,Europaplein,18.0,31.0,2383.0,956.0,72.21212121212122
08:00 - 08:59,Gaasperplas,10.0,12.0,245.0,36.0,7.424242424242424
08:00 - 08:59,Gein,5.5,9.5,327.0,18.0,9.909090909090908
08:00 - 08:59,Gerrit v.d. Veenstraat,5.0,5.0,5.0,5.0,0.15151515151515152
08:00 - 08:59,Heemstedestraat,6.0,9.25,304.5,15.5,9.227272727272727
08:00 - 08:59,Henk Sneevlietweg,6.5,11.0,362.5,20.5,10.984848484848484
08:00 - 08:59,Isolatorweg,5.0,7.0,171.5,16.0,5.196969696969697
08:00 - 08:59,Jan v.Galenstraat,7.0,11.0,375.5,24.5,11.378787878787879
08:00 - 08:59,Keizersgracht,3.3333333333333335,4.0,35.333333333333336,5.333333333333333,1.0707070707070707
08:00 - 08:59,Koningsplein,3.3333333333333335,4.666666666666667,199.00000000000003,7.333333333333333,6.030303030303031
08:00 - 08:59,Kraaienneststation,22.0,34.0,1127.0,69.0,34.15151515151515
08:00 - 08:59,Leidseplein,3.3333333333333335,9.8,385.2666666666666,14.0,11.674747474747473
08:00 - 08:59,Muntplein,10.0,10.0,20.0,10.0,0.6060606060606061
08:00 - 08:59,Museumplein,3.3333333333333335,10.166666666666668,454.3333333333332,19.333333333333332,13.767676767676763
08:00 - 08:59,Nieuwezijds Kolk,2.0,6.6,263.5999999999999,10.0,7.987878787878785
08:00 - 08:59,Nieuwmarkt,3.6666666666666665,25.666666666666668,838.3333333333333,38.333333333333336,25.4040404040404
08:00 - 08:59,Noord,38.0,61.0,2162.0,172.0,65.51515151515152
08:00 - 08:59,Noorderpark,11.0,25.0,905.0,48.0,27.424242424242426
08:00 - 08:59,Olympisch stadion,5.5,5.5,11.0,5.5,0.3333333333333333
08:00 - 08:59,Overamstel,9.5,13.5,479.5,29.0,14.530303030303031
08:00 - 08:59,Postjesweg,5.0,6.5,205.0,12.0,6.212121212121212
08:00 - 08:59,Prinsengracht,3.3333333333333335,5.666666666666667,194.0,10.0,5.878787878787879
08:00 - 08:59,Reigersbos,11.5,15.5,556.0,29.5,16.848484848484848
08:00 - 08:59,Rijksmuseum,3.3333333333333335,10.333333333333334,553.9999999999999,25.666666666666668,16.787878787878785
08:00 - 08:59,Roelof Hartplein,3.3333333333333335,16.5,241.83333333333331,27.0,7.328282828282828
08:00 - 08:59,Rokin,3.3333333333333335,6.333333333333333,5170.666666666667,213.0,156.6868686868687
08:00 - 08:59,Scheldestraat,29.5,29.5,29.5,29.5,0.8939393939393939
08:00 - 08:59,Spaklerweg,5.666666666666667,12.333333333333334,408.33333333333326,21.666666666666668,12.373737373737372
08:00 - 08:59,Spui,3.3333333333333335,5.333333333333333,273.6666666666667,9.0,8.292929292929294
08:00 - 08:59,Station Bijlmer ArenA,29.5,49.5,1729.5,81.5,52.40909090909091
08:00 - 08:59,Station Diemen-Zuid,11.0,22.0,779.0,41.0,23.606060606060606
08:00 - 08:59,Station Duivendrecht,15.0,23.5,811.5,44.0,24.59090909090909
08:00 - 08:59,Station Holendrecht,18.5,26.0,903.0,46.0,27.363636363636363
08:00 - 08:59,Station Lelylaan,9.5,21.5,707.0,34.0,21.424242424242426
08:00 - 08:59,Station RAI,6.0,31.5,1603.5,461.5,48.59090909090909
08:00 - 08:59,Station Sloterdijk,21.0,50.0,1898.5,129.0,57.53030303030303
08:00 - 08:59,Station Zuid,178.5,318.0,11269.5,1384.5,341.5
08:00 - 08:59,Strandvliet,5.0,8.5,313.5,27.0,9.5
08:00 - 08:59,VU medisch centrum,5.0,5.25,10.5,5.5,0.3181818181818182
08:00 - 08:59,Van Baerlestraat,4.0,8.333333333333334,566.3333333333331,19.666666666666668,17.161616161616156
08:00 - 08:59,Van der Madeweg,18.0,27.75,883.5,40.5,26.772727272727273
08:00 - 08:59,Venserpolder,10.0,13.0,270.0,51.0,8.181818181818182
08:00 - 08:59,Victorieplein,3.3333333333333335,4.0,8.0,4.666666666666667,0.24242424242424243
08:00 - 08:59,Vijzelgracht,35.0,55.0,1906.0,97.0,57.75757575757576
08:00 - 08:59,Waterlooplein,26.666666666666668,40.5,1283.0,50.0,38.878787878787875
08:00 - 08:59,Weesperplein,11.666666666666666,17.666666666666668,648.0000000000001,36.666666666666664,19.63636363636364
08:00 - 08:59,Wibautstraat,16.333333333333332,21.666666666666668,729.6666666666666,32.666666666666664,22.11111111111111
09:00 - 09:59,Amsteldijk,2.75,3.625,7.25,4.5,0.2196969696969697
09:00 - 09:59,Amstelstation,10.0,41.5,2435.6666666666665,78.0,73.8080808080808
09:00 - 09:59,Amstelveenseweg,8.5,27.0,2122.0,1272.5,64.3030303030303
09:00 - 09:59,Bullewijk,29.5,39.5,1276.0,50.0,38.666666666666664
09:00 - 09:59,Burg.de Vlugtlaan,5.0,8.0,273.0,14.0,8.272727272727273
09:00 - 09:59,Centraal Station,32.5,77.5,15299.216666666667,435.6666666666667,463.6126262626263
09:00 - 09:59,Cornelis Troostplein,5.0,5.5,16.5,6.0,0.5
09:00 - 09:59,Dam,3.8,14.666666666666668,2231.733333333334,70.66666666666667,67.62828282828285
09:00 - 09:59,De Pijp,18.0,39.0,5842.5,293.0,177.04545454545453
09:00 - 09:59,Europaplein,30.0,53.0,4732.0,2341.0,143.3939393939394
09:00 - 09:59,Gaasperplas,10.0,12.0,236.0,25.0,7.151515151515151
09:00 - 09:59,Gein,6.0,12.5,392.0,15.5,11.878787878787879
09:00 - 09:59,Gerrit v.d. Veenstraat,5.0,6.0,149.5,10.0,4.53030303030303
09:00 - 09:59,Heemstedestraat,7.5,12.75,415.5,20.5,12.590909090909092
09:00 - 09:59,Henk Sneevlietweg,11.0,17.5,589.0,25.0,17.848484848484848
09:00 - 09:59,Isolatorweg,5.0,8.0,196.0,10.0,5.9393939393939394
09:00 - 09:59,Jan v.Galenstraat,7.5,13.0,452.0,20.5,13.696969696969697
09:00 - 09:59,Keizersgracht,3.3333333333333335,5.333333333333333,255.66666666666666,15.0,7.747474747474747
09:00 - 09:59,Koningsplein,4.666666666666667,10.0,734.6666666666667,26.333333333333332,22.262626262626267
09:00 - 09:59,Kraaienneststation,14.0,35.0,1110.0,47.0,33.63636363636363
09:00 - 09:59,Leidseplein,3.3333333333333335,11.466666666666667,809.3333333333335,51.6,24.52525252525253
09:00 - 09:59,Marie Heinekenplein,10.0,14.0,267.0,29.0,8.090909090909092
09:00 - 09:59,Muntplein,10.0,14.5,811.0,42.0,24.575757575757574
09:00 - 09:59,Museumplein,3.6666666666666665,13.666666666666666,1315.6666666666667,53.333333333333336,39.86868686868687
09:00 - 09:59,Nieuwezijds Kolk,2.0,7.300000000000001,419.2,14.2,12.703030303030303
09:00 - 09:59,Nieuwmarkt,4.333333333333333,46.333333333333336,1482.666666666666,64.33333333333333,44.92929292929291
09:00 - 09:59,Noord,57.0,86.0,3254.0,173.0,98.60606060606061
09:00 - 09:59,Noorderpark,24.0,62.0,2030.0,90.0,61.515151515151516
09:00 - 09:59,Olympiaplein,5.0,5.0,37.0,6.0,1.121212121212121
09:00 - 09:59,Olympiaweg,6.5,7.75,31.5,9.5,0.9545454545454546
09:00 - 09:59,Olympisch stadion,5.0,6.25,127.0,14.0,3.8484848484848486
09:00 - 09:59,Overamstel,6.0,14.0,478.5,33.0,14.5
09:00 - 09:59,Postjesweg,6.5,11.25,356.0,17.5,10.787878787878787
09:00 - 09:59,Prinsengracht,3.3333333333333335,7.0,285.0,14.0,8.636363636363637
09:00 - 09:59,Reigersbos,13.0,27.5,891.0,33.5,27.0
09:00 - 09:59,Rijksmuseum,6.666666666666667,21.5,1715.6666666666672,56.0,51.989898989899004
09:00 - 09:59,Roelof Hartplein,3.3333333333333335,8.5,890.1666666666667,46.5,26.974747474747478
09:00 - 09:59,Rokin,3.6666666666666665,12.666666666666666,9713.000000000002,447.0,294.33333333333337
09:00 - 09:59,Scheldestraat,54.5,54.5,54.5,54.5,1.6515151515151516
09:00 - 09:59,Spaklerweg,9.666666666666666,22.333333333333332,754.0,37.0,22.848484848484848
09:00 - 09:59,Spui,3.3333333333333335,7.333333333333333,525.3333333333333,15.0,15.919191919191917
09:00 - 09:59,Station Bijlmer ArenA,73.5,91.5,3345.5,180.5,101.37878787878788
09:00 - 09:59,Station Diemen-Zuid,16.0,29.0,968.0,56.0,29.333333333333332
09:00 - 09:59,Station Duivendrecht,17.5,29.5,976.5,42.0,29.59090909090909
09:00 - 09:59,Station Holendrecht,17.5,34.5,1176.0,48.5,35.63636363636363
09:00 - 09:59,Station Lelylaan,10.0,23.5,775.5,36.0,23.5
09:00 - 09:59,Station RAI,13.0,37.0,2376.5,875.5,72.01515151515152
09:00 - 09:59,Station Sloterdijk,26.0,61.5,2075.5,105.5,62.89393939393939
09:00 - 09:59,Station Zuid,274.5,436.5,15619.5,1333.5,473.3181818181818
09:00 - 09:59,Strandvliet,8.5,16.0,621.5,79.5,18.833333333333332
09:00 - 09:59,VU medisch centrum,5.5,6.0,31.5,8.0,0.9545454545454546
09:00 - 09:59,Van Baerlestraat,8.0,24.5,1594.6666666666672,44.0,48.32323232323234
09:00 - 09:59,Van der Madeweg,34.5,54.0,1810.5,73.5,54.86363636363637
09:00 - 09:59,Venserpolder,10.0,14.0,271.0,36.0,8.212121212121213
09:00 - 09:59,Verrijn Stuartweg,10.0,10.0,10.0,10.0,0.30303030303030304
09:00 - 09:59,Victorieplein,3.3333333333333335,3.3333333333333335,25.0,4.0,0.7575757575757576
09:00 - 09:59,Vijzelgracht,10.0,123.0,4833.0,394.0,146.45454545454547
09:00 - 09:59,Waterlooplein,10.333333333333334,73.0,2372.9999999999995,105.0,71.90909090909089
09:00 - 09:59,Weesperplein,10.666666666666666,32.666666666666664,1177.6666666666667,52.0,35.68686868686869
09:00 - 09:59,Wibautstraat,4.0,29.666666666666668,986.0,50.333333333333336,29.87878787878788
10:00 - 10:59,Amsteldijk,3.75,6.0,17.25,7.5,0.5227272727272727
10:00 - 10:59,Amstelstation,14.0,54.333333333333336,3238.6666666666674,110.0,98.14141414141416
10:00 - 10:59,Amstelveenseweg,15.0,34.5,1455.0,365.5,44.09090909090909
10:00 - 10:59,Bullewijk,36.0,53.5,1796.0,70.5,54.42424242424242
10:00 - 10:59,Burg.de Vlugtlaan,5.0,13.0,412.5,23.5,12.5
10:00 - 10:59,Centraal Station,71.2,141.0,26795.383333333342,807.0,811.9813131313134
10:00 - 10:59,Cornelis Troostplein,5.0,6.0,92.0,8.5,2.787878787878788
10:00 - 10:59,Dam,6.2,30.666666666666668,4477.133333333331,114.66666666666667,135.670707070707
10:00 - 10:59,De Boelelaan/VU,19.0,19.0,19.0,19.0,0.5757575757575758
10:00 - 10:59,De Pijp,16.5,60.0,9342.5,374.0,283.1060606060606
10:00 - 10:59,Europaplein,43.0,98.0,5231.0,1337.0,158.5151515151515
10:00 - 10:59,Gaasperplas,11.0,17.5,482.0,26.0,14.606060606060606
10:00 - 10:59,Gein,13.0,18.5,629.0,25.5,19.060606060606062
10:00 - 10:59,Gerrit v.d. Veenstraat,5.0,6.5,142.0,11.0,4.303030303030303
10:00 - 10:59,Heemstedestraat,5.0,9.5,307.0,19.0,9.303030303030303
10:00 - 10:59,Henk Sneevlietweg,6.0,13.0,433.5,25.0,13.136363636363637
10:00 - 10:59,Isolatorweg,5.0,8.5,280.5,27.0,8.5
10:00 - 10:59,Jan v.Galenstraat,9.5,17.5,587.0,27.5,17.78787878787879
10:00 - 10:59,Keizersgracht,3.3333333333333335,7.333333333333333,516.6666666666666,14.666666666666666,15.656565656565656
10:00 - 10:59,Koningsplein,6.333333333333333,21.0,1482.9999999999998,63.333333333333336,44.93939393939393
10:00 - 10:59,Kraaienneststation,36.0,47.0,1607.0,77.0,48.696969696969695
10:00 - 10:59,Leidseplein,11.333333333333334,22.5,1504.4000000000003,46.333333333333336,45.5878787878788
10:00 - 10:59,Marie Heinekenplein,10.0,21.0,1092.0,44.0,33.09090909090909
10:00 - 10:59,Muntplein,11.0,21.0,1333.0,64.0,40.39393939393939
10:00 - 10:59,Museumplein,4.666666666666667,46.166666666666664,3328.3333333333335,106.33333333333333,100.85858585858587
10:00 - 10:59,Nieuwezijds Kolk,2.0,14.2,855.5999999999998,36.2,25.927272727272722
10:00 - 10:59,Nieuwmarkt,44.333333333333336,97.0,3192.666666666667,134.0,96.74747474747475
10:00 - 10:59,Noord,93.0,131.0,5112.0,323.0,154.9090909090909
10:00 - 10:59,Noorderpark,50.0,70.0,2417.0,112.0,73.24242424242425
10:00 - 10:59,Olympiaplein,5.0,6.0,51.0,8.5,1.5454545454545454
10:00 - 10:59,Olympiaweg,5.0,6.5,99.0,13.0,3.0
10:00 - 10:59,Olympisch stadion,5.5,9.0,298.0,21.0,9.030303030303031
10:00 - 10:59,Overamstel,9.0,16.0,735.0,209.5,22.272727272727273
10:00 - 10:59,Postjesweg,6.0,9.0,306.0,17.5,9.272727272727273
10:00 - 10:59,Prinsengracht,3.3333333333333335,9.333333333333334,587.6666666666666,19.333333333333332,17.808080808080806
10:00 - 10:59,Reigersbos,26.5,35.0,1130.5,43.0,34.25757575757576
10:00 - 10:59,Rijksmuseum,16.0,48.5,3386.333333333333,120.33333333333333,102.6161616161616
10:00 - 10:59,Roelof Hartplein,3.3333333333333335,12.0,1363.1666666666665,67.5,41.3080808080808
10:00 - 10:59,Rokin,4.0,38.0,18515.000000000004,693.0,561.0606060606061
10:00 - 10:59,Scheldestraat,5.0,19.5,39.0,34.0,1.1818181818181819
10:00 - 10:59,Spaklerweg,16.333333333333332,24.666666666666668,800.0,33.0,24.242424242424242
10:00 - 10:59,Spui,6.333333333333333,17.666666666666668,1187.3333333333335,46.0,35.979797979797986
10:00 - 10:59,Station Bijlmer ArenA,115.0,145.5,5383.0,366.5,163.12121212121212
10:00 - 10:59,Station Diemen-Zuid,14.0,30.0,986.0,43.0,29.87878787878788
10:00 - 10:59,Station Duivendrecht,23.0,34.5,1216.5,60.0,36.86363636363637
10:00 - 10:59,Station Holendrecht,29.0,39.5,1328.5,54.0,40.25757575757576
10:00 - 10:59,Station Lelylaan,17.0,28.0,955.5,45.5,28.954545454545453
10:00 - 10:59,Station RAI,23.5,38.5,2585.5,503.0,78.34848484848484
10:00 - 10:59,Station Sloterdijk,20.5,65.5,2135.0,101.5,64.6969696969697
10:00 - 10:59,Station Zuid,393.0,597.0,19774.5,1137.0,599.2272727272727
10:00 - 10:59,Strandvliet,10.5,24.0,953.0,89.0,28.87878787878788
10:00 - 10:59,VU medisch centrum,5.0,7.75,90.0,9.5,2.727272727272727
10:00 - 10:59,Van Baerlestraat,17.666666666666668,35.5,2370.3333333333335,66.33333333333333,71.82828282828284
10:00 - 10:59,Van der Madeweg,40.5,88.5,3087.0,274.5,93.54545454545455
10:00 - 10:59,Venserpolder,10.0,17.0,585.0,31.0,17.727272727272727
10:00 - 10:59,Verrijn Stuartweg,10.0,10.5,89.0,16.0,2.696969696969697
10:00 - 10:59,Victorieplein,3.3333333333333335,3.3333333333333335,52.0,6.0,1.5757575757575757
10:00 - 10:59,Vijzelgracht,10.0,214.5,9290.0,600.0,281.5151515151515
10:00 - 10:59,Waalstraat,5.5,5.5,5.5,5.5,0.16666666666666666
10:00 - 10:59,Waterlooplein,53.666666666666664,111.66666666666667,3698.0000000000005,185.0,112.06060606060608
10:00 - 10:59,Weesperplein,36.666666666666664,55.0,2021.6666666666667,181.33333333333334,61.26262626262626
10:00 - 10:59,Wibautstraat,24.666666666666668,36.666666666666664,1246.9999999999998,50.333333333333336,37.78787878787878
11:00 - 11:59,Amsteldijk,2.5,4.375,16.25,5.0,0.49242424242424243
11:00 - 11:59,Amstelstation,20.0,72.33333333333333,4064.666666666666,154.33333333333334,123.17171717171715
11:00 - 11:59,Amstelveenseweg,5.0,36.25,2635.5,1388.0,79.86363636363636
11:00 - 11:59,Bullewijk,46.5,66.5,2149.5,96.0,65.13636363636364
11:00 - 11:59,Burg.de Vlugtlaan,8.5,16.5,554.0,28.0,16.78787878787879
11:00 - 11:59,Centraal Station,101.6,185.15,37467.51666666668,1217.0,1135.3792929292933
11:00 - 11:59,Cornelis Troostplein,5.0,5.5,88.5,10.0,2.6818181818181817
11:00 - 11:59,Dam,10.2,53.666666666666664,7341.5999999999985,198.33333333333334,222.47272727272724
11:00 - 11:59,De Boelelaan/VU,10.0,11.5,23.0,13.0,0.696969696969697
11:00 - 11:59,De Pijp,24.0,93.0,14152.0,464.0,428.8484848484849
11:00 - 11:59,Europaplein,75.0,161.0,5752.0,743.0,174.3030303030303
11:00 - 11:59,Gaasperplas,13.0,29.0,927.0,58.0,28.09090909090909
11:00 - 11:59,Gein,18.5,25.5,839.5,34.0,25.439393939393938
11:00 - 11:59,Gerrit v.d. Veenstraat,5.0,7.0,276.0,12.0,8.363636363636363
11:00 - 11:59,Heemstedestraat,6.0,15.0,491.5,22.5,14.893939393939394
11:00 - 11:59,Henk Sneevlietweg,9.0,18.5,644.0,33.0,19.515151515151516
11:00 - 11:59,Isolatorweg,5.5,11.0,346.5,25.5,10.5
11:00 - 11:59,Jan v.Galenstraat,13.0,20.0,706.5,33.5,21.40909090909091
11:00 - 11:59,Keizersgracht,4.666666666666667,11.833333333333332,793.0000000000001,29.333333333333332,24.030303030303035
11:00 - 11:59,Koningsplein,10.666666666666666,33.333333333333336,2499.0,80.0,75.72727272727273
11:00 - 11:59,Kraaienneststation,34.0,53.0,1809.0,72.0,54.81818181818182
11:00 - 11:59,Leidseplein,25.333333333333332,38.63333333333333,2476.4,63.333333333333336,75.04242424242425
11:00 - 11:59,Maasstraat,5.0,5.75,11.5,6.5,0.3484848484848485
11:00 - 11:59,Marie Heinekenplein,10.0,33.0,2057.0,73.0,62.333333333333336
11:00 - 11:59,Muntplein,10.0,32.5,2248.0,70.0,68.12121212121212
11:00 - 11:59,Museumplein,6.333333333333333,35.0,2523.6666666666665,129.66666666666666,76.47474747474747
11:00 - 11:59,Nieuwezijds Kolk,2.2,13.2,1014.0,32.6,30.727272727272727
11:00 - 11:59,Nieuwmarkt,73.33333333333333,131.0,4429.999999999999,179.66666666666666,134.24242424242422
11:00 - 11:59,Noord,135.0,186.0,6971.0,438.0,211.24242424242425
11:00 - 11:59,Noorderpark,71.0,102.0,3430.0,183.0,103.93939393939394
11:00 - 11:59,Olympiaplein,5.0,6.5,178.0,9.0,5.393939393939394
11:00 - 11:59,Olympiaweg,5.0,6.5,252.5,13.0,7.651515151515151
11:00 - 11:59,Olympisch stadion,5.0,12.0,523.5,32.5,15.863636363636363
11:00 - 11:59,Overamstel,6.0,16.0,913.0,411.0,27.666666666666668
11:00 - 11:59,Postjesweg,7.0,12.0,407.0,23.0,12.333333333333334
11:00 - 11:59,Prinsengracht,4.666666666666667,11.0,786.9999999999995,22.0,23.848484848484834
11:00 - 11:59,Reigersbos,26.0,38.0,1280.0,56.0,38.78787878787879
11:00 - 11:59,Rijksmuseum,26.0,66.66666666666666,4755.999999999999,183.0,144.1212121212121
11:00 - 11:59,Roelof Hartplein,4.0,15.5,2201.1666666666665,94.5,66.7020202020202
11:00 - 11:59,Rokin,10.0,54.0,30947.666666666664,1271.0,937.8080808080807
11:00 - 11:59,Scheldestraat,5.0,6.0,45.5,15.0,1.378787878787879
11:00 - 11:59,Spaklerweg,16.0,24.333333333333332,828.3333333333335,46.0,25.101010101010104
11:00 - 11:59,Spui,12.666666666666666,25.0,1773.0,52.0,53.72727272727273
11:00 - 11:59,Station Bijlmer ArenA,131.5,177.5,9293.5,1940.5,281.6212121212121
11:00 - 11:59,Station Diemen-Zuid,25.0,41.0,1419.0,67.0,43.0
11:00 - 11:59,Station Duivendrecht,24.0,40.0,1414.5,113.0,42.86363636363637
11:00 - 11:59,Station Holendrecht,40.5,60.0,1995.5,81.0,60.46969696969697
11:00 - 11:59,Station Lelylaan,29.0,38.0,1328.5,71.5,40.25757575757576
11:00 - 11:59,Station RAI,22.0,60.0,2485.0,270.0,75.3030303030303
11:00 - 11:59,Station Sloterdijk,58.0,90.5,3073.5,146.0,93.13636363636364
11:00 - 11:59,Station Zuid,445.5,657.0,22249.5,1408.5,674.2272727272727
11:00 - 11:59,Strandvliet,13.0,26.0,2606.5,912.5,78.98484848484848
11:00 - 11:59,VU medisch centrum,5.0,9.0,246.5,20.0,7.46969696969697
11:00 - 11:59,Van Baerlestraat,17.333333333333332,41.0,2678.3333333333335,65.0,81.16161616161617
11:00 - 11:59,Van der Madeweg,34.5,60.0,2719.5,793.5,82.4090909090909
11:00 - 11:59,Venserpolder,12.0,24.0,793.0,38.0,24.03030303030303
11:00 - 11:59,Verrijn Stuartweg,10.0,12.0,162.0,24.0,4.909090909090909
11:00 - 11:59,Victorieplein,3.3333333333333335,4.333333333333333,240.99999999999997,9.666666666666666,7.303030303030302
11:00 - 11:59,Vijzelgracht,10.0,24.0,12903.0,717.0,391.0
11:00 - 11:59,Waterlooplein,112.33333333333333,155.66666666666666,5252.666666666668,297.0,159.1717171717172
11:00 - 11:59,Weesperplein,61.666666666666664,82.66666666666667,2939.333333333334,156.33333333333334,89.07070707070709
11:00 - 11:59,Wibautstraat,34.666666666666664,49.666666666666664,1645.6666666666667,73.66666666666667,49.86868686868687
12:00 - 12:59,Amsteldijk,2.5,3.25,54.75,5.0,1.6590909090909092
12:00 - 12:59,Amstelstation,31.0,83.66666666666667,4942.333333333333,182.66666666666666,149.76767676767676
12:00 - 12:59,Amstelveenseweg,7.0,35.0,4054.0,2874.5,122.84848484848484
12:00 - 12:59,Beethovenstraat,10.0,10.0,10.0,10.0,0.30303030303030304
12:00 - 12:59,Bullewijk,64.0,80.5,2701.5,109.5,81.86363636363636
12:00 - 12:59,Burg.de Vlugtlaan,10.5,22.0,718.5,33.0,21.772727272727273
12:00 - 12:59,Centraal Station,129.8,199.775,39717.59999999999,1227.0,1203.563636363636
12:00 - 12:59,Cornelis Troostplein,5.0,7.0,274.0,17.5,8.303030303030303
12:00 - 12:59,Dam,10.8,66.66666666666667,9048.333333333332,333.3333333333333,274.19191919191917
12:00 - 12:59,De Boelelaan/VU,10.0,10.0,10.0,10.0,0.30303030303030304
12:00 - 12:59,De Pijp,24.0,120.0,18594.0,552.0,563.4545454545455
12:00 - 12:59,Europaplein,101.0,168.0,5865.0,424.0,177.72727272727272
12:00 - 12:59,Gaasperplas,14.0,36.0,1164.0,75.0,35.27272727272727
12:00 - 12:59,Gein,24.0,37.5,1239.5,48.5,37.56060606060606
12:00 - 12:59,Gerrit v.d. Veenstraat,5.0,9.5,394.5,16.0,11.954545454545455
12:00 - 12:59,Heemstedestraat,10.5,19.0,644.5,30.0,19.53030303030303
12:00 - 12:59,Henk Sneevlietweg,11.5,25.5,848.0,49.5,25.696969696969695
12:00 - 12:59,IJsbaanpad,7.0,7.5,15.0,8.0,0.45454545454545453
12:00 - 12:59,Isolatorweg,6.0,14.5,603.0,71.5,18.272727272727273
12:00 - 12:59,Jan v.Galenstraat,17.5,27.5,912.5,39.0,27.651515151515152
12:00 - 12:59,Keizersgracht,7.666666666666667,16.166666666666664,1063.3333333333333,28.666666666666668,32.22222222222222
12:00 - 12:59,Koningsplein,22.333333333333332,44.5,3159.333333333333,90.0,95.73737373737373
12:00 - 12:59,Kraaienneststation,53.0,73.0,2439.0,94.0,73.9090909090909
12:00 - 12:59,Leidseplein,38.333333333333336,52.9,3407.7333333333336,86.0,103.26464646464648
12:00 - 12:59,Maasstraat,5.0,6.0,56.5,8.5,1.7121212121212122
12:00 - 12:59,Marie Heinekenplein,13.0,39.5,2451.0,99.0,74.27272727272727
12:00 - 12:59,Muntplein,14.0,47.5,3214.0,104.0,97.39393939393939
12:00 - 12:59,Museumplein,5.666666666666667,44.166666666666664,2839.666666666667,103.33333333333333,86.05050505050507
12:00 - 12:59,Nieuwezijds Kolk,2.8,19.6,1286.2,50.8,38.97575757575758
12:00 - 12:59,Nieuwmarkt,67.0,128.66666666666666,4609.666666666668,447.0,139.68686868686873
12:00 - 12:59,Noord,213.0,283.0,10214.0,509.0,309.5151515151515
12:00 - 12:59,Noorderpark,109.0,141.0,4803.0,238.0,145.54545454545453
12:00 - 12:59,Olympiaplein,5.0,8.0,347.0,19.0,10.515151515151516
12:00 - 12:59,Olympiaweg,5.0,9.5,364.5,18.0,11.045454545454545
12:00 - 12:59,Olympisch stadion,5.0,16.0,629.0,36.5,19.060606060606062
12:00 - 12:59,Overamstel,7.0,16.5,616.5,45.5,18.681818181818183
12:00 - 12:59,Postjesweg,13.5,22.0,746.0,30.5,22.606060606060606
12:00 - 12:59,Prinsengracht,3.6666666666666665,16.333333333333332,1061.6666666666665,24.0,32.17171717171717
12:00 - 12:59,Reigersbos,40.5,53.5,1784.5,67.5,54.07575757575758
12:00 - 12:59,Rijksmuseum,20.333333333333332,62.166666666666664,4617.666666666666,159.33333333333334,139.9292929292929
12:00 - 12:59,Roelof Hartplein,4.0,15.666666666666666,2525.666666666666,126.0,76.53535353535352
12:00 - 12:59,Rokin,7.666666666666667,65.33333333333333,36752.999999999985,3386.0,1113.7272727272723
12:00 - 12:59,Scheldestraat,5.0,6.0,157.5,14.0,4.7727272727272725
12:00 - 12:59,Spaklerweg,19.333333333333332,31.0,1059.3333333333335,68.33333333333333,32.101010101010104
12:00 - 12:59,Spui,7.333333333333333,28.0,1916.0,78.0,58.06060606060606
12:00 - 12:59,Station Bijlmer ArenA,157.0,216.5,8095.5,693.5,245.3181818181818
12:00 - 12:59,Station Diemen-Zuid,31.0,61.0,1921.0,82.0,58.21212121212121
12:00 - 12:59,Station Duivendrecht,33.0,44.5,1548.0,66.5,46.90909090909091
12:00 - 12:59,Station Holendrecht,45.0,63.5,2130.5,82.5,64.56060606060606
12:00 - 12:59,Station Lelylaan,21.0,44.5,1498.0,68.5,45.39393939393939
12:00 - 12:59,Station RAI,28.0,68.5,2220.0,141.0,67.27272727272727
12:00 - 12:59,Station Sloterdijk,66.5,88.0,3091.5,163.0,93.68181818181819
12:00 - 12:59,Station Zuid,484.5,748.5,25758.0,2265.0,780.5454545454545
12:00 - 12:59,Strandvliet,18.5,35.5,1467.5,172.0,44.46969696969697
12:00 - 12:59,VU medisch centrum,5.0,10.0,272.0,21.5,8.242424242424242
12:00 - 12:59,Van Baerlestraat,23.666666666666668,38.5,2621.666666666667,72.66666666666667,79.44444444444446
12:00 - 12:59,Van der Madeweg,31.5,54.0,1986.0,145.5,60.18181818181818
12:00 - 12:59,Venserpolder,28.0,45.0,1514.0,64.0,45.878787878787875
12:00 - 12:59,Verrijn Stuartweg,10.0,12.0,278.0,19.0,8.424242424242424
12:00 - 12:59,Victorieplein,3.3333333333333335,7.0,410.66666666666663,13.666666666666666,12.444444444444443
12:00 - 12:59,Vijzelgracht,10.0,25.5,14232.0,968.0,431.27272727272725
12:00 - 12:59,Waalstraat,5.0,6.25,49.0,7.5,1.4848484848484849
12:00 - 12:59,Waterlooplein,122.33333333333333,196.66666666666666,6555.666666666667,461.0,198.65656565656568
12:00 - 12:59,Weesperplein,60.0,88.33333333333333,3154.9999999999995,331.6666666666667,95.6060606060606
12:00 - 12:59,Wibautstraat,51.333333333333336,68.0,2376.333333333333,94.0,72.010101010101
13:00 - 13:59,Amsteldijk,2.5,3.25,101.75,6.5,3.0833333333333335
13:00 - 13:59,Amstelstation,26.0,86.33333333333333,5184.333333333334,190.66666666666666,157.10101010101013
13:00 - 13:59,Amstelveenseweg,22.0,36.5,2259.5,1042.5,68.46969696969697
13:00 - 13:59,Bullewijk,75.0,103.5,3504.0,139.5,106.18181818181819
13:00 - 13:59,Burg.de Vlugtlaan,17.0,27.5,929.0,40.0,28.151515151515152
13:00 - 13:59,Centraal Station,126.2,179.225,35333.583333333336,1020.6666666666666,1070.7146464646466
13:00 - 13:59,Cornelis Troostplein,5.0,8.0,452.0,20.0,13.696969696969697
13:00 - 13:59,Dam,11.0,66.0,9046.199999999999,295.3333333333333,274.12727272727267
13:00 - 13:59,De Boelelaan/VU,11.0,11.0,11.0,11.0,0.3333333333333333
13:00 - 13:59,De Pijp,33.0,132.0,21474.0,741.0,650.7272727272727
13:00 - 13:59,Europaplein,102.0,193.0,6686.0,341.0,202.6060606060606
13:00 - 13:59,Gaasperplas,28.0,42.0,1719.0,366.0,52.09090909090909
13:00 - 13:59,Gein,41.5,50.0,1699.5,74.0,51.5
13:00 - 13:59,Gerrit v.d. Veenstraat,5.0,9.5,515.5,24.5,15.621212121212121
13:00 - 13:59,Heemstedestraat,11.0,21.5,720.0,34.0,21.818181818181817
13:00 - 13:59,Henk Sneevlietweg,16.0,33.0,1076.5,56.0,32.621212121212125
13:00 - 13:59,IJsbaanpad,6.0,6.0,6.0,6.0,0.18181818181818182
13:00 - 13:59,Isolatorweg,6.0,26.5,1046.0,86.5,31.696969696969695
13:00 - 13:59,Jan v.Galenstraat,17.0,29.5,1006.0,46.5,30.484848484848484
13:00 - 13:59,Keizersgracht,5.666666666666667,16.333333333333332,1084.3333333333337,32.333333333333336,32.85858585858587
13:00 - 13:59,Koningsplein,14.666666666666666,37.83333333333333,3226.0000000000005,98.66666666666667,97.75757575757576
13:00 - 13:59,Kraaienneststation,72.0,97.0,3297.0,128.0,99.9090909090909
13:00 - 13:59,Leidseplein,39.666666666666664,63.4,4137.133333333334,91.4,125.3676767676768
13:00 - 13:59,Maasstraat,5.0,6.5,123.5,9.0,3.742424242424242
13:00 - 13:59,Marie Heinekenplein,10.0,41.0,2640.0,102.0,80.0
13:00 - 13:59,Muntplein,19.0,52.0,3523.0,137.0,106.75757575757575
13:00 - 13:59,Museumplein,9.666666666666666,64.5,4525.0,147.66666666666666,137.12121212121212
13:00 - 13:59,Nieuwezijds Kolk,2.2,25.6,1423.8,50.6,43.14545454545454
13:00 - 13:59,Nieuwmarkt,60.333333333333336,121.66666666666667,4225.999999999999,297.6666666666667,128.06060606060603
13:00 - 13:59,Noord,321.0,387.0,13844.0,674.0,419.5151515151515
13:00 - 13:59,Noorderpark,123.0,171.0,5915.0,272.0,179.24242424242425
13:00 - 13:59,Olympiaplein,5.0,9.5,441.5,22.0,13.378787878787879
13:00 - 13:59,Olympiaweg,5.0,10.25,429.5,16.5,13.015151515151516
13:00 - 13:59,Olympisch stadion,6.0,18.5,675.5,41.5,20.46969696969697
13:00 - 13:59,Overamstel,12.0,25.5,848.0,71.5,25.696969696969695
13:00 - 13:59,Postjesweg,13.0,27.5,886.5,41.0,26.863636363636363
13:00 - 13:59,Prinsengracht,8.0,19.333333333333332,1271.666666666667,33.666666666666664,38.53535353535354
13:00 - 13:59,Reigersbos,58.0,67.5,2256.0,82.5,68.36363636363636
13:00 - 13:59,Rijksmuseum,14.0,57.83333333333333,4227.666666666667,139.66666666666666,128.11111111111111
13:00 - 13:59,Roelof Hartplein,5.0,19.0,2848.666666666666,124.5,86.3232323232323
13:00 - 13:59,Rokin,12.0,71.16666666666666,38899.33333333333,3189.0,1178.7676767676767
13:00 - 13:59,Scheldestraat,5.0,6.5,210.5,12.0,6.378787878787879
13:00 - 13:59,Spaklerweg,27.0,36.0,1226.6666666666667,66.66666666666667,37.17171717171718
13:00 - 13:59,Spui,10.333333333333334,31.333333333333332,2026.0000000000002,70.66666666666667,61.3939393939394
13:00 - 13:59,Station Bijlmer ArenA,196.5,256.5,11368.5,1757.0,344.5
13:00 - 13:59,Station Diemen-Zuid,50.0,78.0,2549.0,106.0,77.24242424242425
13:00 - 13:59,Station Duivendrecht,41.5,61.5,2085.5,156.0,63.196969696969695
13:00 - 13:59,Station Holendrecht,44.5,67.5,2180.5,97.0,66.07575757575758
13:00 - 13:59,Station Lelylaan,38.0,49.0,1650.0,84.0,50.0
13:00 - 13:59,Station RAI,35.0,63.5,2568.0,149.5,77.81818181818181
13:00 - 13:59,Station Sloterdijk,68.0,90.0,3234.0,180.0,98.0
13:00 - 13:59,Station Zuid,523.5,771.0,26148.0,1750.5,792.3636363636364
13:00 - 13:59,Strandvliet,20.5,42.0,2589.0,772.5,78.45454545454545
13:00 - 13:59,VU medisch centrum,5.5,10.5,327.0,19.0,9.909090909090908
13:00 - 13:59,Van Baerlestraat,22.333333333333332,47.83333333333333,3040.3333333333335,93.66666666666667,92.13131313131314
13:00 - 13:59,Van der Madeweg,49.5,81.0,2841.0,265.5,86.0909090909091
13:00 - 13:59,Venserpolder,30.0,44.0,1473.0,61.0,44.63636363636363
13:00 - 13:59,Verrijn Stuartweg,10.0,15.0,389.0,22.0,11.787878787878787
13:00 - 13:59,Victorieplein,3.3333333333333335,7.333333333333333,479.6666666666667,14.666666666666666,14.535353535353536
13:00 - 13:59,Vijzelgracht,10.0,27.0,14789.0,733.0,448.1515151515151
13:00 - 13:59,Waalstraat,5.0,6.5,98.5,11.5,2.984848484848485
13:00 - 13:59,Waterlooplein,132.0,249.66666666666666,7901.666666666666,436.6666666666667,239.44444444444443
13:00 - 13:59,Weesperplein,55.666666666666664,93.0,3324.666666666667,191.66666666666666,100.74747474747475
13:00 - 13:59,Wibautstraat,57.0,79.33333333333333,2626.6666666666665,106.33333333333333,79.59595959595958
14:00 - 14:59,Amsteldijk,2.5,4.25,129.5,11.25,3.9242424242424243
14:00 - 14:59,Amstelstation,30.0,106.0,6159.333333333334,200.0,186.64646464646466
14:00 - 14:59,Amstelveenseweg,5.5,38.75,1970.0,673.0,59.696969696969695
14:00 - 14:59,Beethovenstraat,12.0,12.5,25.0,13.0,0.7575757575757576
14:00 - 14:59,Bullewijk,94.0,121.5,4062.0,152.0,123.0909090909091
14:00 - 14:59,Burg.de Vlugtlaan,23.0,32.0,1073.5,51.5,32.53030303030303
14:00 - 14:59,Centraal Station,78.25,182.35,33907.950000000004,977.0,1027.5136363636366
14:00 - 14:59,Cornelis Troostplein,5.0,8.5,531.0,23.5,16.09090909090909
14:00 - 14:59,Dam,10.6,74.33333333333333,9419.266666666672,217.33333333333334,285.43232323232337
14:00 - 14:59,De Pijp,27.0,126.0,22842.0,912.0,692.1818181818181
14:00 - 14:59,Europaplein,156.0,224.0,8351.0,535.0,253.06060606060606
14:00 - 14:59,Gaasperplas,35.0,53.0,2394.0,557.0,72.54545454545455
14:00 - 14:59,Gein,42.0,66.0,2266.5,142.5,68.68181818181819
14:00 - 14:59,Gerrit v.d. Veenstraat,5.0,13.5,584.5,29.5,17.71212121212121
14:00 - 14:59,Heemstedestraat,14.5,26.0,918.0,49.5,27.818181818181817
14:00 - 14:59,Henk Sneevlietweg,26.5,44.0,1585.5,103.0,48.04545454545455
14:00 - 14:59,IJsbaanpad,5.0,5.25,10.5,5.5,0.3181818181818182
14:00 - 14:59,Isolatorweg,6.5,103.25,2977.5,278.0,90.22727272727273
14:00 - 14:59,Jan v.Galenstraat,27.0,39.5,1377.0,81.5,41.72727272727273
14:00 - 14:59,Keizersgracht,7.0,17.0,1145.666666666667,32.333333333333336,34.71717171717172
14:00 - 14:59,Koningsplein,16.666666666666668,42.166666666666664,3270.6666666666665,127.0,99.1111111111111
14:00 - 14:59,Kraaienneststation,77.0,102.0,3423.0,126.0,103.72727272727273
14:00 - 14:59,Leidseplein,38.333333333333336,62.7,3970.3333333333344,93.8,120.31313131313135
14:00 - 14:59,Maasstraat,5.0,6.0,173.5,9.5,5.257575757575758
14:00 - 14:59,Marie Heinekenplein,10.0,31.0,2529.0,112.0,76.63636363636364
14:00 - 14:59,Minervaplein,10.0,12.0,83.0,14.0,2.515151515151515
14:00 - 14:59,Muntplein,28.0,54.5,3727.0,141.0,112.93939393939394
14:00 - 14:59,Museumplein,7.666666666666667,34.16666666666667,2404.666666666666,94.33333333333333,72.86868686868685
14:00 - 14:59,Nieuwezijds Kolk,2.0,29.2,1524.1999999999996,60.4,46.18787878787877
14:00 - 14:59,Nieuwmarkt,54.0,118.33333333333333,4176.0,204.66666666666666,126.54545454545455
14:00 - 14:59,Noord,407.0,536.0,18347.0,768.0,555.969696969697
14:00 - 14:59,Noorderpark,176.0,215.0,7587.0,399.0,229.9090909090909
14:00 - 14:59,Olympiaplein,5.0,12.0,543.5,24.0,16.46969696969697
14:00 - 14:59,Olympiaweg,5.0,10.5,536.0,25.5,16.242424242424242
14:00 - 14:59,Olympisch stadion,5.0,23.0,893.0,40.0,27.060606060606062
14:00 - 14:59,Overamstel,25.5,34.5,1259.0,74.5,38.15151515151515
14:00 - 14:59,Postjesweg,13.0,30.0,968.5,49.5,29.348484848484848
14:00 - 14:59,Prinsengracht,7.666666666666667,21.333333333333332,1387.333333333334,40.666666666666664,42.040404040404056
14:00 - 14:59,Reigersbos,59.5,81.0,2772.5,197.0,84.01515151515152
14:00 - 14:59,Rijksmuseum,13.0,51.166666666666664,3869.6666666666665,166.0,117.26262626262626
14:00 - 14:59,Roelof Hartplein,5.5,13.333333333333334,2963.5,121.5,89.8030303030303
14:00 - 14:59,Rokin,10.0,70.66666666666667,36715.333333333336,1588.0,1112.5858585858587
14:00 - 14:59,Scheldestraat,5.0,7.5,271.0,16.0,8.212121212121213
14:00 - 14:59,Spaklerweg,31.0,41.333333333333336,1456.0000000000002,89.66666666666667,44.121212121212125
14:00 - 14:59,Spui,9.333333333333334,29.333333333333332,1999.9999999999993,85.33333333333333,60.60606060606059
14:00 - 14:59,Station Bijlmer ArenA,211.0,307.0,11682.0,1025.0,354.0
14:00 - 14:59,Station Diemen-Zuid,42.0,83.0,2808.0,115.0,85.0909090909091
14:00 - 14:59,Station Duivendrecht,43.0,56.0,2079.5,186.0,63.015151515151516
14:00 - 14:59,Station Holendrecht,66.0,90.0,3322.0,288.5,100.66666666666667
14:00 - 14:59,Station Lelylaan,45.0,55.0,1945.0,97.5,58.93939393939394
14:00 - 14:59,Station RAI,35.5,72.5,2809.5,175.0,85.13636363636364
14:00 - 14:59,Station Sloterdijk,62.0,100.5,3517.0,204.0,106.57575757575758
14:00 - 14:59,Station Zuid,607.5,778.5,28233.0,1770.0,855.5454545454545
14:00 - 14:59,Strandvliet,32.0,46.5,2423.0,501.0,73.42424242424242
14:00 - 14:59,VU medisch centrum,6.0,13.5,425.0,22.5,12.878787878787879
14:00 - 14:59,Van Baerlestraat,18.666666666666668,37.666666666666664,2495.0000000000005,74.66666666666667,75.60606060606062
14:00 - 14:59,Van der Madeweg,52.5,97.5,4230.0,568.5,128.1818181818182
14:00 - 14:59,Venserpolder,40.0,55.0,1853.0,83.0,56.15151515151515
14:00 - 14:59,Verrijn Stuartweg,10.0,14.0,438.0,38.0,13.272727272727273
14:00 - 14:59,Victorieplein,3.3333333333333335,7.833333333333334,540.6666666666666,23.333333333333332,16.383838383838384
14:00 - 14:59,Vijzelgracht,10.0,28.5,14400.0,857.0,436.3636363636364
14:00 - 14:59,Waalstraat,5.0,6.25,149.5,10.5,4.53030303030303
14:00 - 14:59,Waterlooplein,113.33333333333333,147.0,5162.666666666667,224.66666666666666,156.44444444444446
14:00 - 14:59,Weesperplein,55.333333333333336,79.0,3070.666666666666,225.66666666666666,93.05050505050504
14:00 - 14:59,Wibautstraat,75.0,98.33333333333333,3363.666666666667,147.66666666666666,101.92929292929294
15:00 - 15:59,Amsteldijk,2.5,4.25,155.5,7.75,4.712121212121212
15:00 - 15:59,Amstelstation,33.0,107.0,6623.333333333333,426.0,200.7070707070707
15:00 - 15:59,Amstelveenseweg,6.0,35.5,1700.0,491.5,51.515151515151516
15:00 - 15:59,Beethovenstraat,11.0,12.5,25.0,14.0,0.7575757575757576
15:00 - 15:59,Bullewijk,104.5,135.0,4454.5,166.0,134.9848484848485
15:00 - 15:59,Burg.de Vlugtlaan,22.0,32.0,1130.5,63.0,34.25757575757576
15:00 - 15:59,Centraal Station,105.0,178.0,31842.816666666673,1146.6666666666667,964.9338383838385
15:00 - 15:59,Cornelis Troostplein,5.0,8.0,402.5,17.5,12.196969696969697
15:00 - 15:59,Dam,8.333333333333334,49.333333333333336,9159.6,229.0,277.56363636363636
15:00 - 15:59,De Pijp,28.5,126.0,22559.0,885.0,683.6060606060606
15:00 - 15:59,Europaplein,176.0,280.0,9584.0,512.0,290.42424242424244
15:00 - 15:59,Gaasperplas,36.0,63.0,2979.0,902.0,90.27272727272727
15:00 - 15:59,Gein,58.5,72.5,2491.5,98.5,75.5
15:00 - 15:59,Gerrit v.d. Veenstraat,5.0,13.5,674.0,34.0,20.424242424242426
15:00 - 15:59,Heemstedestraat,16.0,26.0,923.5,47.0,27.984848484848484
15:00 - 15:59,Henk Sneevlietweg,29.5,39.5,1394.5,80.0,42.25757575757576
15:00 - 15:59,IJsbaanpad,5.0,7.0,19.0,7.0,0.5757575757575758
15:00 - 15:59,Isolatorweg,6.0,152.5,3970.5,355.0,120.31818181818181
15:00 - 15:59,Jan v.Galenstraat,24.0,44.0,1425.0,79.5,43.18181818181818
15:00 - 15:59,Keizersgracht,4.333333333333333,14.666666666666666,1020.3333333333334,50.666666666666664,30.91919191919192
15:00 - 15:59,Koningsplein,7.0,36.0,2870.000000000001,107.33333333333333,86.969696969697
15:00 - 15:59,Kraaienneststation,93.0,124.0,4094.0,146.0,124.06060606060606
15:00 - 15:59,Leidseplein,27.666666666666668,61.66666666666667,3882.2000000000007,100.6,117.64242424242427
15:00 - 15:59,Maasstraat,5.0,6.5,216.0,13.0,6.545454545454546
15:00 - 15:59,Marie Heinekenplein,10.0,42.0,2529.0,107.0,76.63636363636364
15:00 - 15:59,Minervaplein,10.0,12.0,136.0,18.0,4.121212121212121
15:00 - 15:59,Muntplein,16.0,51.5,3355.0,156.0,101.66666666666667
15:00 - 15:59,Museumplein,10.666666666666666,26.5,1891.3333333333335,69.66666666666667,57.313131313131315
15:00 - 15:59,Nieuwezijds Kolk,2.6,29.4,1526.2,70.6,46.24848484848485
15:00 - 15:59,Nieuwmarkt,50.333333333333336,106.66666666666667,3711.666666666666,197.66666666666666,112.47474747474746
15:00 - 15:59,Noord,505.0,654.0,22383.0,902.0,678.2727272727273
15:00 - 15:59,Noorderpark,181.0,245.0,8309.0,541.0,251.78787878787878
15:00 - 15:59,Olympiaplein,5.0,14.0,670.0,29.5,20.303030303030305
15:00 - 15:59,Olympiaweg,5.0,12.5,638.0,45.0,19.333333333333332
15:00 - 15:59,Olympisch stadion,5.0,28.5,1009.0,51.5,30.575757575757574
15:00 - 15:59,Overamstel,21.0,40.0,1320.0,71.5,40.0
15:00 - 15:59,Postjesweg,17.5,34.0,1083.5,57.5,32.833333333333336
15:00 - 15:59,Prinsengracht,7.333333333333333,19.166666666666664,1282.3333333333335,35.666666666666664,38.85858585858586
15:00 - 15:59,Reigersbos,62.5,89.5,2976.0,116.0,90.18181818181819
15:00 - 15:59,Rijksmuseum,11.666666666666666,37.833333333333336,3218.6666666666665,145.0,97.53535353535354
15:00 - 15:59,Roelof Hartplein,7.0,14.333333333333334,3101.833333333333,129.0,93.99494949494948
15:00 - 15:59,Rokin,4.333333333333333,65.0,31221.333333333332,1378.0,946.10101010101
15:00 - 15:59,Scheldestraat,5.0,8.25,302.5,20.0,9.166666666666666
15:00 - 15:59,Spaklerweg,35.0,46.0,1561.0,72.66666666666667,47.303030303030305
15:00 - 15:59,Spui,9.0,24.666666666666668,1818.0000000000002,66.33333333333333,55.0909090909091
15:00 - 15:59,Station Bijlmer ArenA,247.0,300.5,13651.0,1474.0,413.6666666666667
15:00 - 15:59,Station Diemen-Zuid,76.0,104.0,3460.0,155.0,104.84848484848484
15:00 - 15:59,Station Duivendrecht,42.5,56.0,2086.5,127.5,63.22727272727273
15:00 - 15:59,Station Holendrecht,67.0,87.0,2884.5,112.0,87.4090909090909
15:00 - 15:59,Station Lelylaan,37.0,55.5,1860.5,101.5,56.378787878787875
15:00 - 15:59,Station RAI,38.0,72.0,2518.5,208.0,76.31818181818181
15:00 - 15:59,Station Sloterdijk,57.0,87.5,3156.0,243.5,95.63636363636364
15:00 - 15:59,Station Zuid,604.5,801.0,29314.5,2008.5,888.3181818181819
15:00 - 15:59,Strandvliet,31.0,46.0,2522.0,395.0,76.42424242424242
15:00 - 15:59,VU medisch centrum,8.0,17.0,523.5,34.0,15.863636363636363
15:00 - 15:59,Van Baerlestraat,15.0,29.5,2153.3333333333344,74.0,65.25252525252529
15:00 - 15:59,Van der Madeweg,60.0,105.0,3507.0,159.0,106.27272727272727
15:00 - 15:59,Venserpolder,50.0,65.0,2224.0,100.0,67.39393939393939
15:00 - 15:59,Verrijn Stuartweg,10.0,19.0,477.0,29.0,14.454545454545455
15:00 - 15:59,Victorieplein,4.0,8.666666666666666,619.666666666667,28.0,18.777777777777786
15:00 - 15:59,Vijzelgracht,10.0,29.0,13020.0,759.0,394.54545454545456
15:00 - 15:59,Waalstraat,5.0,7.5,195.5,15.5,5.924242424242424
15:00 - 15:59,Waterlooplein,100.66666666666667,129.33333333333334,4404.999999999999,217.0,133.48484848484847
15:00 - 15:59,Weesperplein,50.666666666666664,78.0,2743.333333333334,150.0,83.13131313131315
15:00 - 15:59,Wibautstraat,83.0,116.33333333333333,3641.333333333333,138.0,110.34343434343434
16:00 - 16:59,Amsteldijk,2.5,5.75,195.5,9.0,5.924242424242424
16:00 - 16:59,Amstelstation,43.0,133.33333333333334,8322.666666666666,408.0,252.20202020202018
16:00 - 16:59,Amstelveenseweg,5.0,32.5,1387.0,219.0,42.03030303030303
16:00 - 16:59,Beethovenstraat,12.0,13.0,39.0,14.0,1.1818181818181819
16:00 - 16:59,Bullewijk,87.0,114.0,3788.0,156.0,114.78787878787878
16:00 - 16:59,Burg.de Vlugtlaan,22.0,36.5,1214.5,53.5,36.803030303030305
16:00 - 16:59,Centraal Station,39.0,199.35,31763.699999999997,1060.6666666666667,962.5363636363636
16:00 - 16:59,Cornelis Troostplein,5.0,9.0,510.5,19.0,15.469696969696969
16:00 - 16:59,Dam,9.4,55.33333333333333,8453.733333333332,195.33333333333334,256.1737373737373
16:00 - 16:59,De Pijp,34.5,133.5,23820.0,874.0,721.8181818181819
16:00 - 16:59,Europaplein,180.0,343.0,11693.0,757.0,354.3333333333333
16:00 - 16:59,Gaasperplas,47.0,77.0,3336.0,870.0,101.0909090909091
16:00 - 16:59,Gein,68.5,87.0,2961.5,162.0,89.74242424242425
16:00 - 16:59,Gerrit v.d. Veenstraat,5.0,18.5,792.0,43.5,24.0
16:00 - 16:59,Heemstedestraat,18.0,32.5,1073.5,52.5,32.53030303030303
16:00 - 16:59,Henk Sneevlietweg,31.0,46.0,1618.0,94.5,49.03030303030303
16:00 - 16:59,IJsbaanpad,5.5,6.25,12.5,7.0,0.3787878787878788
16:00 - 16:59,Isolatorweg,5.0,94.0,2539.5,183.0,76.95454545454545
16:00 - 16:59,Jan v.Galenstraat,32.0,47.0,1552.0,63.0,47.03030303030303
16:00 - 16:59,Keizersgracht,5.666666666666667,14.166666666666668,948.6666666666669,29.0,28.747474747474755
16:00 - 16:59,Koningsplein,14.333333333333334,34.66666666666667,2634.6666666666665,80.66666666666667,79.83838383838383
16:00 - 16:59,Kraaienneststation,97.0,142.0,4714.0,186.0,142.84848484848484
16:00 - 16:59,Leidseplein,23.0,52.733333333333334,3340.6,86.8,101.23030303030303
16:00 - 16:59,Maasstraat,5.0,8.0,314.0,15.5,9.515151515151516
16:00 - 16:59,Marie Heinekenplein,10.0,51.5,2524.0,106.0,76.48484848484848
16:00 - 16:59,Minervaplein,10.0,14.5,181.0,23.0,5.484848484848484
16:00 - 16:59,Muntplein,16.0,41.0,2736.0,87.0,82.9090909090909
16:00 - 16:59,Museumplein,9.0,21.666666666666664,1411.9999999999998,38.666666666666664,42.78787878787878
16:00 - 16:59,Nieuwezijds Kolk,2.4,27.4,1478.2000000000003,60.0,44.793939393939404
16:00 - 16:59,Nieuwmarkt,41.666666666666664,101.0,3475.0,160.0,105.3030303030303
16:00 - 16:59,Noord,552.0,754.0,25857.0,1038.0,783.5454545454545
16:00 - 16:59,Noorderpark,187.0,262.0,8708.0,387.0,263.8787878787879
16:00 - 16:59,Olympiaplein,5.0,16.0,778.0,36.0,23.575757575757574
16:00 - 16:59,Olympiaweg,5.0,14.5,786.0,37.0,23.818181818181817
16:00 - 16:59,Olympisch stadion,5.0,38.0,1358.0,67.0,41.15151515151515
16:00 - 16:59,Overamstel,17.0,40.0,1385.5,69.5,41.984848484848484
16:00 - 16:59,Postjesweg,14.0,36.0,1227.0,54.0,37.18181818181818
16:00 - 16:59,Prinsengracht,5.666666666666667,18.5,1205.666666666667,33.666666666666664,36.53535353535354
16:00 - 16:59,Reigersbos,88.0,103.0,3613.5,233.0,109.5
16:00 - 16:59,Rijksmuseum,7.0,26.666666666666668,2141.3333333333335,89.33333333333333,64.8888888888889
16:00 - 16:59,Roelof Hartplein,5.666666666666667,15.0,3077.4999999999995,160.5,93.25757575757575
16:00 - 16:59,Rokin,7.0,55.33333333333333,24848.666666666668,1145.0,752.9898989898991
16:00 - 16:59,Scheldestraat,5.0,11.5,412.0,19.5,12.484848484848484
16:00 - 16:59,Spaklerweg,35.333333333333336,52.0,1697.6666666666665,73.33333333333333,51.44444444444444
16:00 - 16:59,Spui,10.0,24.666666666666668,1728.0,60.333333333333336,52.36363636363637
16:00 - 16:59,Station Bijlmer ArenA,228.5,313.5,13939.0,1518.0,422.3939393939394
16:00 - 16:59,Station Diemen-Zuid,89.0,130.0,4293.0,176.0,130.0909090909091
16:00 - 16:59,Station Duivendrecht,32.0,62.0,2327.0,192.0,70.51515151515152
16:00 - 16:59,Station Holendrecht,57.5,91.0,3305.5,264.0,100.16666666666667
16:00 - 16:59,Station Lelylaan,49.0,62.5,2124.0,93.0,64.36363636363636
16:00 - 16:59,Station RAI,42.5,76.0,2730.0,213.5,82.72727272727273
16:00 - 16:59,Station Sloterdijk,66.5,94.5,3408.0,303.0,103.27272727272727
16:00 - 16:59,Station Zuid,738.0,925.5,32473.5,1938.0,984.0454545454545
16:00 - 16:59,Strandvliet,29.0,56.5,4043.5,800.0,122.53030303030303
16:00 - 16:59,VU medisch centrum,7.5,20.75,739.0,61.0,22.393939393939394
16:00 - 16:59,Van Baerlestraat,8.0,20.0,1558.3333333333333,69.33333333333333,47.22222222222222
16:00 - 16:59,Van der Madeweg,75.0,111.0,4428.0,585.0,134.1818181818182
16:00 - 16:59,Venserpolder,63.0,81.0,2723.0,108.0,82.51515151515152
16:00 - 16:59,Verrijn Stuartweg,10.0,19.0,520.0,32.0,15.757575757575758
16:00 - 16:59,Victorieplein,4.333333333333333,11.666666666666666,743.3333333333336,24.666666666666668,22.525252525252533
16:00 - 16:59,Vijzelgracht,10.0,33.5,10867.0,525.0,329.3030303030303
16:00 - 16:59,Waalstraat,5.0,9.5,320.5,13.0,9.712121212121213
16:00 - 16:59,Waterlooplein,85.33333333333333,109.0,3710.0,178.66666666666666,112.42424242424242
16:00 - 16:59,Weesperplein,50.333333333333336,70.33333333333333,2441.3333333333335,137.0,73.97979797979798
16:00 - 16:59,Wibautstraat,90.66666666666667,120.33333333333333,4014.0000000000005,175.33333333333334,121.63636363636365
17:00 - 17:59,Amsteldijk,2.5,4.5,182.5,10.75,5.53030303030303
17:00 - 17:59,Amstelstation,53.0,133.33333333333334,8764.666666666666,236.0,265.5959595959596
17:00 - 17:59,Amstelveenseweg,5.0,29.0,1296.5,84.5,39.28787878787879
17:00 - 17:59,Beethovenstraat,12.0,12.0,12.0,12.0,0.36363636363636365
17:00 - 17:59,Bullewijk,73.0,103.5,3445.5,171.5,104.4090909090909
17:00 - 17:59,Burg.de Vlugtlaan,24.5,39.5,1366.5,72.5,41.40909090909091
17:00 - 17:59,Centraal Station,122.0,228.425,31955.1,1144.3333333333333,968.3363636363636
17:00 - 17:59,Cornelis Troostplein,5.0,9.0,549.5,21.5,16.651515151515152
17:00 - 17:59,Dam,7.4,53.5,7640.799999999997,193.66666666666666,231.53939393939388
17:00 - 17:59,De Boelelaan/VU,11.0,11.0,11.0,11.0,0.3333333333333333
17:00 - 17:59,De Pijp,28.5,132.0,24149.0,865.0,731.7878787878788
17:00 - 17:59,Europaplein,114.0,309.0,11221.0,761.0,340.030303030303
17:00 - 17:59,Gaasperplas,55.0,80.0,3387.0,636.0,102.63636363636364
17:00 - 17:59,Gein,61.5,89.0,2939.5,122.0,89.07575757575758
17:00 - 17:59,Gerrit v.d. Veenstraat,5.0,18.25,767.0,40.0,23.242424242424242
17:00 - 17:59,Heemstedestraat,23.5,36.5,1206.0,63.5,36.54545454545455
17:00 - 17:59,Henk Sneevlietweg,30.5,50.5,1772.5,100.0,53.71212121212121
17:00 - 17:59,IJsbaanpad,6.5,6.5,6.5,6.5,0.19696969696969696
17:00 - 17:59,Isolatorweg,5.5,49.0,1276.0,83.5,38.666666666666664
17:00 - 17:59,Jan v.Galenstraat,32.5,46.5,1606.0,76.0,48.666666666666664
17:00 - 17:59,Keizersgracht,5.666666666666667,11.333333333333334,744.6666666666665,18.333333333333332,22.56565656565656
17:00 - 17:59,Koningsplein,11.333333333333334,31.0,2216.3333333333326,76.0,67.16161616161614
17:00 - 17:59,Kraaienneststation,124.0,174.0,5687.0,201.0,172.33333333333334
17:00 - 17:59,Leidseplein,20.666666666666668,50.63333333333333,3256.4666666666667,101.0,98.68080808080808
17:00 - 17:59,Maasstraat,5.0,8.25,321.0,16.5,9.727272727272727
17:00 - 17:59,Marie Heinekenplein,10.0,45.5,2515.0,101.0,76.21212121212122
17:00 - 17:59,Minervaplein,10.0,14.0,330.0,27.0,10.0
17:00 - 17:59,Muntplein,13.0,36.0,2294.0,85.0,69.51515151515152
17:00 - 17:59,Museumplein,9.0,18.333333333333332,1238.6666666666667,35.0,37.535353535353536
17:00 - 17:59,Nieuwezijds Kolk,3.2,25.6,1433.8000000000006,54.0,43.44848484848487
17:00 - 17:59,Nieuwmarkt,35.0,93.66666666666667,3271.0000000000005,171.0,99.12121212121214
17:00 - 17:59,Noord,555.0,796.0,27342.0,1284.0,828.5454545454545
17:00 - 17:59,Noorderpark,206.0,271.0,9098.0,428.0,275.6969696969697
17:00 - 17:59,Olympiaplein,5.0,12.75,842.5,35.5,25.53030303030303
17:00 - 17:59,Olympiaweg,5.0,16.0,825.0,44.0,25.0
17:00 - 17:59,Olympisch stadion,5.0,44.25,1549.0,68.0,46.93939393939394
17:00 - 17:59,Overamstel,17.5,41.5,1387.5,84.0,42.04545454545455
17:00 - 17:59,Postjesweg,29.5,38.5,1330.5,58.0,40.31818181818182
17:00 - 17:59,Prinsengracht,4.0,17.333333333333336,1279.333333333333,41.666666666666664,38.76767676767676
17:00 - 17:59,Reigersbos,84.5,103.5,3520.0,134.0,106.66666666666667
17:00 - 17:59,Rijksmuseum,4.0,21.666666666666664,1649.3333333333333,82.0,49.97979797979798
17:00 - 17:59,Roelof Hartplein,6.0,16.0,3204.333333333333,127.5,97.10101010101009
17:00 - 17:59,Rokin,5.0,37.666666666666664,18739.999999999996,890.0,567.8787878787878
17:00 - 17:59,Scheldestraat,5.0,10.5,424.0,21.5,12.848484848484848
17:00 - 17:59,Spaklerweg,34.666666666666664,52.333333333333336,1750.3333333333337,80.66666666666667,53.04040404040405
17:00 - 17:59,Spui,5.333333333333333,20.666666666666668,1351.6666666666667,40.666666666666664,40.95959595959596
17:00 - 17:59,Station Bijlmer ArenA,238.5,331.0,11511.5,592.0,348.8333333333333
17:00 - 17:59,Station Diemen-Zuid,81.0,149.0,4784.0,212.0,144.96969696969697
17:00 - 17:59,Station Duivendrecht,45.5,62.0,2207.5,123.5,66.89393939393939
17:00 - 17:59,Station Holendrecht,61.5,90.5,2978.0,130.0,90.24242424242425
17:00 - 17:59,Station Lelylaan,42.5,69.5,2296.5,112.0,69.5909090909091
17:00 - 17:59,Station RAI,34.0,71.5,2678.5,198.0,81.16666666666667
17:00 - 17:59,Station Sloterdijk,65.5,86.5,3236.5,372.0,98.07575757575758
17:00 - 17:59,Station Zuid,670.5,949.5,32950.5,2427.0,998.5
17:00 - 17:59,Strandvliet,34.5,55.5,1987.0,168.0,60.21212121212121
17:00 - 17:59,VU medisch centrum,6.0,23.0,830.5,56.5,25.166666666666668
17:00 - 17:59,Van Baerlestraat,5.333333333333333,14.833333333333332,1152.3333333333333,52.333333333333336,34.91919191919192
17:00 - 17:59,Van der Madeweg,73.5,106.5,3750.0,172.5,113.63636363636364
17:00 - 17:59,Venserpolder,73.0,95.0,3208.0,128.0,97.21212121212122
17:00 - 17:59,Verrijn Stuartweg,10.0,24.5,637.0,42.0,19.303030303030305
17:00 - 17:59,Victorieplein,3.6666666666666665,10.166666666666666,740.0,24.0,22.424242424242426
17:00 - 17:59,Vijzelgracht,11.0,28.0,10003.0,572.0,303.1212121212121
17:00 - 17:59,Waalstraat,5.0,9.0,328.5,17.5,9.954545454545455
17:00 - 17:59,Waterlooplein,78.66666666666667,101.0,3487.666666666667,174.66666666666666,105.68686868686869
17:00 - 17:59,Weesperplein,51.0,70.33333333333333,2465.666666666667,119.33333333333333,74.71717171717172
17:00 - 17:59,Wibautstraat,103.0,135.33333333333334,4464.666666666668,187.66666666666666,135.29292929292933
18:00 - 18:59,Amsteldijk,2.5,3.875,140.0,9.75,4.242424242424242
18:00 - 18:59,Amstelstation,46.0,122.0,7061.333333333333,192.33333333333334,213.97979797979798
18:00 - 18:59,Amstelveenseweg,5.5,29.0,1072.0,68.5,32.484848484848484
18:00 - 18:59,Beethovenstraat,12.0,13.0,73.0,20.0,2.212121212121212
18:00 - 18:59,Bullewijk,66.5,90.0,3000.0,123.0,90.9090909090909
18:00 - 18:59,Burg.de Vlugtlaan,16.5,38.0,1178.0,49.5,35.696969696969695
18:00 - 18:59,Centraal Station,95.25,191.0,25417.033333333333,789.3333333333334,770.2131313131313
18:00 - 18:59,Cornelis Troostplein,5.0,8.5,446.0,15.5,13.515151515151516
18:00 - 18:59,Dam,8.4,37.33333333333333,5632.600000000002,132.33333333333334,170.68484848484854
18:00 - 18:59,De Boelelaan/VU,10.0,10.0,10.0,10.0,0.30303030303030304
18:00 - 18:59,De Pijp,19.5,106.5,21215.5,649.0,642.8939393939394
18:00 - 18:59,Europaplein,162.0,242.0,8961.0,807.0,271.54545454545456
18:00 - 18:59,Gaasperplas,48.0,75.0,3155.0,434.0,95.60606060606061
18:00 - 18:59,Gein,62.5,82.0,2804.0,124.0,84.96969696969697
18:00 - 18:59,Gerrit v.d. Veenstraat,5.0,15.75,568.5,33.0,17.227272727272727
18:00 - 18:59,Heemstedestraat,20.5,34.0,1125.0,48.0,34.09090909090909
18:00 - 18:59,Henk Sneevlietweg,34.5,52.0,1739.5,91.0,52.71212121212121
18:00 - 18:59,IJsbaanpad,5.0,5.0,5.0,5.0,0.15151515151515152
18:00 - 18:59,Isolatorweg,6.0,23.5,605.0,48.0,18.333333333333332
18:00 - 18:59,Jan v.Galenstraat,27.0,46.0,1536.5,62.0,46.56060606060606
18:00 - 18:59,Keizersgracht,3.6666666666666665,8.333333333333334,512.3333333333334,15.333333333333334,15.525252525252526
18:00 - 18:59,Koningsplein,9.0,26.0,1677.6666666666667,48.333333333333336,50.83838383838384
18:00 - 18:59,Kraaienneststation,135.0,177.0,5774.0,218.0,174.96969696969697
18:00 - 18:59,Leidseplein,24.666666666666668,50.0,3255.733333333334,81.0,98.65858585858588
18:00 - 18:59,Maasstraat,5.0,7.5,245.0,15.5,7.424242424242424
18:00 - 18:59,Marie Heinekenplein,11.0,37.0,1939.0,83.0,58.75757575757576
18:00 - 18:59,Minervaplein,10.0,13.0,198.0,20.0,6.0
18:00 - 18:59,Muntplein,10.0,37.0,2383.0,75.0,72.21212121212122
18:00 - 18:59,Museumplein,6.333333333333333,16.333333333333332,1135.6666666666667,43.333333333333336,34.41414141414142
18:00 - 18:59,Nieuwezijds Kolk,2.2,19.6,1181.6000000000001,49.6,35.80606060606061
18:00 - 18:59,Nieuwmarkt,33.666666666666664,81.33333333333333,2695.0000000000005,122.0,81.66666666666669
18:00 - 18:59,Noord,521.0,680.0,23425.0,1029.0,709.8484848484849
18:00 - 18:59,Noorderpark,188.0,249.0,8008.0,293.0,242.66666666666666
18:00 - 18:59,Olympiaplein,5.0,14.0,710.5,35.0,21.53030303030303
18:00 - 18:59,Olympiaweg,5.0,10.0,680.0,24.5,20.606060606060606
18:00 - 18:59,Olympisch stadion,5.0,30.5,1158.5,66.0,35.10606060606061
18:00 - 18:59,Overamstel,18.5,40.5,1284.0,62.0,38.90909090909091
18:00 - 18:59,Postjesweg,26.5,41.5,1371.5,57.5,41.56060606060606
18:00 - 18:59,Prinsengracht,3.3333333333333335,25.333333333333332,1309.333333333333,41.666666666666664,39.67676767676767
18:00 - 18:59,Reigersbos,79.5,103.5,3635.5,189.0,110.16666666666667
18:00 - 18:59,Rijksmuseum,4.333333333333333,14.5,1151.0,61.666666666666664,34.878787878787875
18:00 - 18:59,Roelof Hartplein,5.333333333333333,13.0,2623.666666666667,108.0,79.50505050505052
18:00 - 18:59,Rokin,5.0,24.333333333333332,14718.999999999998,1388.0,446.030303030303
18:00 - 18:59,Scheldestraat,5.0,9.5,346.0,17.0,10.484848484848484
18:00 - 18:59,Spaklerweg,32.0,48.333333333333336,1648.0,67.0,49.93939393939394
18:00 - 18:59,Spui,4.0,16.333333333333332,1089.0,39.666666666666664,33.0
18:00 - 18:59,Station Bijlmer ArenA,201.5,289.5,11296.5,1039.5,342.3181818181818
18:00 - 18:59,Station Diemen-Zuid,110.0,140.0,4819.0,225.0,146.03030303030303
18:00 - 18:59,Station Duivendrecht,39.5,63.5,2336.0,187.0,70.78787878787878
18:00 - 18:59,Station Holendrecht,59.5,84.0,3035.0,227.5,91.96969696969697
18:00 - 18:59,Station Lelylaan,48.0,66.5,2206.0,88.0,66.84848484848484
18:00 - 18:59,Station RAI,33.0,62.5,2186.5,149.5,66.25757575757575
18:00 - 18:59,Station Sloterdijk,62.0,79.5,2835.5,147.5,85.92424242424242
18:00 - 18:59,Station Zuid,598.5,825.0,27852.0,1284.0,844.0
18:00 - 18:59,Strandvliet,38.5,56.0,2273.5,249.5,68.89393939393939
18:00 - 18:59,VU medisch centrum,7.0,17.0,595.0,59.5,18.03030303030303
18:00 - 18:59,Van Baerlestraat,5.0,12.666666666666666,977.0000000000001,39.333333333333336,29.60606060606061
18:00 - 18:59,Van der Madeweg,45.0,96.0,3993.0,481.5,121.0
18:00 - 18:59,Venserpolder,72.0,88.0,3072.0,122.0,93.0909090909091
18:00 - 18:59,Verrijn Stuartweg,10.0,24.0,671.0,38.0,20.333333333333332
18:00 - 18:59,Victorieplein,3.3333333333333335,9.0,654.3333333333334,22.333333333333332,19.82828282828283
18:00 - 18:59,Vijzelgracht,10.0,170.0,8835.0,666.0,267.72727272727275
18:00 - 18:59,Waalstraat,5.0,7.5,238.5,10.5,7.2272727272727275
18:00 - 18:59,Waterlooplein,69.66666666666667,89.66666666666667,3014.333333333334,147.66666666666666,91.34343434343437
18:00 - 18:59,Weesperplein,45.0,68.0,2361.3333333333335,122.0,71.55555555555556
18:00 - 18:59,Wibautstraat,104.0,126.33333333333333,4171.000000000001,164.66666666666666,126.39393939393942
19:00 - 19:59,Amsteldijk,2.5,4.125,113.75,7.75,3.446969696969697
19:00 - 19:59,Amstelstation,36.0,85.16666666666666,5556.0,214.66666666666666,168.36363636363637
19:00 - 19:59,Amstelveenseweg,5.0,20.0,838.5,89.5,25.40909090909091
19:00 - 19:59,Beethovenstraat,11.0,11.0,22.0,11.0,0.6666666666666666
19:00 - 19:59,Bullewijk,60.5,85.5,2918.5,131.0,88.43939393939394
19:00 - 19:59,Burg.de Vlugtlaan,14.5,33.5,1129.0,67.0,34.21212121212121
19:00 - 19:59,Centraal Station,75.25,136.9,19353.53333333333,545.3333333333334,586.4707070707069
19:00 - 19:59,Cornelis Troostplein,5.0,6.5,293.0,17.0,8.878787878787879
19:00 - 19:59,Dam,3.6666666666666665,28.166666666666664,4190.333333333332,118.66666666666667,126.97979797979794
19:00 - 19:59,De Pijp,19.5,75.0,16438.5,533.0,498.1363636363636
19:00 - 19:59,Europaplein,125.0,193.0,6790.0,560.0,205.75757575757575
19:00 - 19:59,Gaasperplas,37.0,67.0,2557.0,185.0,77.48484848484848
19:00 - 19:59,Gein,51.5,71.5,2479.0,147.5,75.12121212121212
19:00 - 19:59,Gerrit v.d. Veenstraat,5.0,13.0,421.0,26.0,12.757575757575758
19:00 - 19:59,Heemstedestraat,17.0,25.5,947.0,57.0,28.696969696969695
19:00 - 19:59,Henk Sneevlietweg,30.0,45.5,1625.5,110.0,49.25757575757576
19:00 - 19:59,IJsbaanpad,5.5,6.0,12.0,6.5,0.36363636363636365
19:00 - 19:59,Isolatorweg,5.0,12.0,317.5,31.0,9.621212121212121
19:00 - 19:59,Jan v.Galenstraat,28.0,41.0,1474.5,89.0,44.68181818181818
19:00 - 19:59,Keizersgracht,3.3333333333333335,6.333333333333333,330.0,12.666666666666666,10.0
19:00 - 19:59,Koningsplein,6.333333333333333,14.5,1152.333333333333,47.666666666666664,34.91919191919191
19:00 - 19:59,Kraaienneststation,110.0,142.0,4710.0,187.0,142.72727272727272
19:00 - 19:59,Leidseplein,12.333333333333334,42.5,3030.7999999999997,94.8,91.84242424242423
19:00 - 19:59,Maasstraat,5.0,6.0,150.5,11.5,4.5606060606060606
19:00 - 19:59,Marie Heinekenplein,10.0,25.0,1091.0,51.0,33.06060606060606
19:00 - 19:59,Minervaplein,10.0,10.0,10.0,10.0,0.30303030303030304
19:00 - 19:59,Muntplein,14.0,26.0,1748.0,50.0,52.96969696969697
19:00 - 19:59,Museumplein,6.333333333333333,25.333333333333332,1677.6666666666667,69.0,50.83838383838384
19:00 - 19:59,Nieuwezijds Kolk,2.0,18.9,932.4000000000001,35.8,28.254545454545458
19:00 - 19:59,Nieuwmarkt,36.333333333333336,67.0,2498.333333333334,167.33333333333334,75.70707070707073
19:00 - 19:59,Noord,407.0,556.0,18532.0,835.0,561.5757575757576
19:00 - 19:59,Noorderpark,144.0,191.0,6450.0,285.0,195.45454545454547
19:00 - 19:59,Olympiaplein,5.0,12.0,543.5,22.5,16.46969696969697
19:00 - 19:59,Olympiaweg,5.0,9.5,457.5,23.0,13.863636363636363
19:00 - 19:59,Olympisch stadion,5.0,25.0,881.0,46.5,26.696969696969695
19:00 - 19:59,Overamstel,16.5,29.5,1126.0,61.5,34.121212121212125
19:00 - 19:59,Postjesweg,18.5,31.5,1121.0,66.0,33.96969696969697
19:00 - 19:59,Prinsengracht,3.3333333333333335,20.666666666666668,1040.666666666667,47.333333333333336,31.535353535353543
19:00 - 19:59,Reigersbos,62.5,83.5,2876.0,162.5,87.15151515151516
19:00 - 19:59,Rijksmuseum,3.3333333333333335,11.166666666666666,848.3333333333334,35.0,25.70707070707071
19:00 - 19:59,Roelof Hartplein,4.0,11.5,2057.166666666667,94.5,62.33838383838385
19:00 - 19:59,Rokin,4.0,17.333333333333332,10427.33333333333,812.0,315.97979797979787
19:00 - 19:59,Scheldestraat,5.0,7.0,224.5,12.5,6.803030303030303
19:00 - 19:59,Spaklerweg,30.0,40.0,1395.3333333333335,104.0,42.28282828282829
19:00 - 19:59,Spui,3.3333333333333335,9.0,636.6666666666666,26.666666666666668,19.29292929292929
19:00 - 19:59,Station Bijlmer ArenA,156.5,256.5,12063.5,2204.5,365.56060606060606
19:00 - 19:59,Station Diemen-Zuid,76.0,115.0,3975.0,183.0,120.45454545454545
19:00 - 19:59,Station Duivendrecht,37.0,56.5,2142.0,159.0,64.9090909090909
19:00 - 19:59,Station Holendrecht,54.0,73.0,2616.5,192.5,79.28787878787878
19:00 - 19:59,Station Lelylaan,31.0,52.5,1784.0,100.5,54.06060606060606
19:00 - 19:59,Station RAI,30.5,51.5,1911.5,150.0,57.92424242424242
19:00 - 19:59,Station Sloterdijk,41.0,73.0,2520.5,140.0,76.37878787878788
19:00 - 19:59,Station Zuid,516.0,622.5,22504.5,1161.0,681.9545454545455
19:00 - 19:59,Strandvliet,33.0,50.0,2340.5,265.5,70.92424242424242
19:00 - 19:59,VU medisch centrum,5.5,14.25,422.5,27.5,12.803030303030303
19:00 - 19:59,Van Baerlestraat,4.0,11.666666666666666,898.3333333333335,40.333333333333336,27.22222222222223
19:00 - 19:59,Van der Madeweg,55.5,81.0,3162.0,337.5,95.81818181818181
19:00 - 19:59,Venserpolder,62.0,83.0,2854.0,133.0,86.48484848484848
19:00 - 19:59,Verrijn Stuartweg,11.0,18.0,509.0,40.0,15.424242424242424
19:00 - 19:59,Victorieplein,3.6666666666666665,8.666666666666666,474.6666666666667,15.666666666666666,14.383838383838384
19:00 - 19:59,Vijzelgracht,10.0,150.5,6810.0,371.0,206.36363636363637
19:00 - 19:59,Waalstraat,5.0,6.5,181.0,14.0,5.484848484848484
19:00 - 19:59,Waterlooplein,52.666666666666664,71.66666666666667,2650.0000000000005,160.66666666666666,80.30303030303031
19:00 - 19:59,Weesperplein,37.666666666666664,54.333333333333336,2130.666666666667,156.66666666666666,64.56565656565658
19:00 - 19:59,Wibautstraat,74.0,97.0,3305.6666666666665,153.0,100.17171717171716
20:00 - 20:59,Amsteldijk,2.5,3.375,77.25,6.0,2.340909090909091
20:00 - 20:59,Amstelstation,30.0,85.66666666666667,5025.999999999999,142.33333333333334,152.30303030303028
20:00 - 20:59,Amstelveenseweg,5.0,17.0,611.0,36.0,18.515151515151516
20:00 - 20:59,Beethovenstraat,11.0,12.0,24.0,13.0,0.7272727272727273
20:00 - 20:59,Bullewijk,54.0,86.0,2847.0,128.5,86.27272727272727
20:00 - 20:59,Burg.de Vlugtlaan,12.0,29.0,939.0,39.5,28.454545454545453
20:00 - 20:59,Centraal Station,45.0,103.9,14578.81666666667,484.3333333333333,441.78232323232334
20:00 - 20:59,Cornelis Troostplein,5.0,6.0,163.5,10.0,4.954545454545454
20:00 - 20:59,Dam,3.6,22.666666666666668,3378.666666666666,90.33333333333333,102.38383838383837
20:00 - 20:59,De Pijp,16.5,58.5,13265.0,423.0,401.969696969697
20:00 - 20:59,Europaplein,95.0,158.0,5431.0,409.0,164.57575757575756
20:00 - 20:59,Gaasperplas,34.0,54.0,1984.0,147.0,60.121212121212125
20:00 - 20:59,Gein,42.5,59.0,1976.5,88.5,59.89393939393939
20:00 - 20:59,Gerrit v.d. Veenstraat,5.0,15.0,394.0,21.5,11.93939393939394
20:00 - 20:59,Heemstedestraat,14.5,26.5,899.5,39.5,27.257575757575758
20:00 - 20:59,Henk Sneevlietweg,27.5,45.5,1487.0,60.5,45.06060606060606
20:00 - 20:59,IJsbaanpad,5.5,5.5,5.5,5.5,0.16666666666666666
20:00 - 20:59,Isolatorweg,5.0,7.0,175.5,23.0,5.318181818181818
20:00 - 20:59,Jan v.Galenstraat,21.0,38.5,1285.0,56.0,38.93939393939394
20:00 - 20:59,Keizersgracht,3.3333333333333335,5.333333333333333,237.33333333333337,18.333333333333332,7.191919191919193
20:00 - 20:59,Koningsplein,3.3333333333333335,10.333333333333334,830.0,41.666666666666664,25.151515151515152
20:00 - 20:59,Kraaienneststation,87.0,126.0,4165.0,193.0,126.21212121212122
20:00 - 20:59,Leidseplein,14.0,32.733333333333334,2180.4666666666667,66.8,66.07474747474748
20:00 - 20:59,Maasstraat,5.0,5.5,41.0,7.0,1.2424242424242424
20:00 - 20:59,Marie Heinekenplein,10.0,17.0,714.0,41.0,21.636363636363637
20:00 - 20:59,Minervaplein,10.0,13.5,56.0,19.0,1.696969696969697
20:00 - 20:59,Muntplein,10.0,19.0,1222.0,46.0,37.03030303030303
20:00 - 20:59,Museumplein,3.6666666666666665,9.0,612.3333333333333,17.666666666666668,18.555555555555554
20:00 - 20:59,Nieuwezijds Kolk,2.0,16.4,715.8,31.8,21.690909090909088
20:00 - 20:59,Nieuwmarkt,24.0,57.333333333333336,1958.0000000000002,107.0,59.33333333333334
20:00 - 20:59,Noord,299.0,464.0,16082.0,684.0,487.3333333333333
20:00 - 20:59,Noorderpark,122.0,162.0,5437.0,240.0,164.75757575757575
20:00 - 20:59,Olympiaplein,5.0,11.5,414.0,21.0,12.545454545454545
20:00 - 20:59,Olympiaweg,5.0,9.0,340.0,22.0,10.303030303030303
20:00 - 20:59,Olympisch stadion,7.0,21.5,723.5,41.5,21.924242424242426
20:00 - 20:59,Overamstel,13.5,31.0,1058.0,55.5,32.06060606060606
20:00 - 20:59,Postjesweg,9.5,28.5,946.0,48.0,28.666666666666668
20:00 - 20:59,Prinsengracht,3.3333333333333335,17.666666666666668,760.0,38.0,23.03030303030303
20:00 - 20:59,Reigersbos,56.5,67.0,2257.0,89.5,68.39393939393939
20:00 - 20:59,Rijksmuseum,3.3333333333333335,11.333333333333334,635.6666666666665,22.0,19.26262626262626
20:00 - 20:59,Roelof Hartplein,3.3333333333333335,9.416666666666668,1589.1666666666665,88.5,48.156565656565654
20:00 - 20:59,Rokin,3.3333333333333335,14.666666666666666,7585.666666666668,497.0,229.8686868686869
20:00 - 20:59,Scheldestraat,5.0,6.25,85.5,11.0,2.590909090909091
20:00 - 20:59,Spaklerweg,30.333333333333332,38.333333333333336,1287.6666666666665,52.333333333333336,39.020202020202014
20:00 - 20:59,Spui,3.3333333333333335,7.0,489.99999999999994,22.333333333333332,14.848484848484846
20:00 - 20:59,Station Bijlmer ArenA,127.5,190.0,8023.0,1005.0,243.12121212121212
20:00 - 20:59,Station Diemen-Zuid,74.0,116.0,3892.0,160.0,117.93939393939394
20:00 - 20:59,Station Duivendrecht,28.5,42.0,1463.0,76.0,44.333333333333336
20:00 - 20:59,Station Holendrecht,43.5,58.5,1955.0,75.5,59.24242424242424
20:00 - 20:59,Station Lelylaan,29.5,38.5,1399.5,82.5,42.40909090909091
20:00 - 20:59,Station RAI,23.0,37.5,1301.0,86.5,39.42424242424242
20:00 - 20:59,Station Sloterdijk,43.0,66.5,2270.5,125.5,68.8030303030303
20:00 - 20:59,Station Zuid,393.0,541.5,17788.5,718.5,539.0454545454545
20:00 - 20:59,Strandvliet,29.5,41.5,1724.0,180.5,52.24242424242424
20:00 - 20:59,VU medisch centrum,5.0,12.0,333.5,39.0,10.106060606060606
20:00 - 20:59,Van Baerlestraat,3.3333333333333335,9.166666666666668,547.6666666666669,26.0,16.595959595959602
20:00 - 20:59,Van der Madeweg,43.5,75.0,2404.5,100.5,72.86363636363636
20:00 - 20:59,Venserpolder,46.0,74.0,2541.0,116.0,77.0
20:00 - 20:59,Verrijn Stuartweg,10.0,15.0,417.0,26.0,12.636363636363637
20:00 - 20:59,Victorieplein,3.3333333333333335,7.333333333333333,401.3333333333333,13.333333333333334,12.16161616161616
20:00 - 20:59,Vijzelgracht,10.0,126.5,4862.0,199.0,147.33333333333334
20:00 - 20:59,Waalstraat,5.0,6.0,151.5,9.5,4.590909090909091
20:00 - 20:59,Waterlooplein,41.666666666666664,61.0,2058.3333333333335,95.0,62.37373737373738
20:00 - 20:59,Weesperplein,37.0,48.333333333333336,1614.6666666666667,74.0,48.929292929292934
20:00 - 20:59,Wibautstraat,58.333333333333336,86.33333333333333,2856.666666666666,111.66666666666667,86.56565656565655
21:00 - 21:59,Amsteldijk,2.5,3.125,46.0,4.75,1.393939393939394
21:00 - 21:59,Amstelstation,18.0,80.16666666666667,4429.333333333334,137.0,134.22222222222223
21:00 - 21:59,Amstelveenseweg,7.5,14.5,475.5,23.5,14.409090909090908
21:00 - 21:59,Beethovenstraat,10.0,10.0,10.0,10.0,0.30303030303030304
21:00 - 21:59,Bullewijk,56.0,81.0,2848.5,140.0,86.31818181818181
21:00 - 21:59,Burg.de Vlugtlaan,15.5,29.5,965.0,42.0,29.242424242424242
21:00 - 21:59,Centraal Station,43.5,80.0,11307.083333333328,346.3333333333333,342.63888888888874
21:00 - 21:59,Cornelis Troostplein,5.0,6.25,100.5,8.0,3.0454545454545454
21:00 - 21:59,Dam,2.2,21.0,2581.266666666666,76.0,78.220202020202
21:00 - 21:59,De Pijp,18.0,46.5,11520.0,338.0,349.09090909090907
21:00 - 21:59,Europaplein,104.0,139.0,4884.0,363.0,148.0
21:00 - 21:59,Gaasperplas,34.0,48.0,1888.0,145.0,57.21212121212121
21:00 - 21:59,Gein,42.5,54.0,1781.5,69.5,53.984848484848484
21:00 - 21:59,Gerrit v.d. Veenstraat,5.5,11.5,309.5,22.0,9.378787878787879
21:00 - 21:59,Heemstedestraat,10.5,26.0,874.0,40.0,26.484848484848484
21:00 - 21:59,Henk Sneevlietweg,24.5,48.5,1520.5,65.5,46.07575757575758
21:00 - 21:59,IJsbaanpad,6.0,6.0,6.0,6.0,0.18181818181818182
21:00 - 21:59,Isolatorweg,5.0,6.5,87.5,13.0,2.6515151515151514
21:00 - 21:59,Jan v.Galenstraat,24.0,38.0,1271.0,59.5,38.515151515151516
21:00 - 21:59,Keizersgracht,3.3333333333333335,4.666666666666667,113.0,7.333333333333333,3.4242424242424243
21:00 - 21:59,Koningsplein,3.3333333333333335,7.666666666666667,593.3333333333335,19.666666666666668,17.979797979797983
21:00 - 21:59,Kraaienneststation,85.0,105.0,3618.0,197.0,109.63636363636364
21:00 - 21:59,Leidseplein,8.0,24.7,1582.0,49.8,47.93939393939394
21:00 - 21:59,Maasstraat,5.0,5.25,44.0,6.5,1.3333333333333333
21:00 - 21:59,Marie Heinekenplein,10.0,17.0,463.0,27.0,14.030303030303031
21:00 - 21:59,Minervaplein,10.0,12.0,56.0,12.0,1.696969696969697
21:00 - 21:59,Muntplein,10.0,17.0,650.0,32.0,19.696969696969695
21:00 - 21:59,Museumplein,3.3333333333333335,7.0,460.00000000000006,12.666666666666666,13.939393939393941
21:00 - 21:59,Nieuwezijds Kolk,2.0,13.4,617.5999999999999,26.4,18.71515151515151
21:00 - 21:59,Nieuwmarkt,17.333333333333332,49.333333333333336,1676.6666666666665,83.0,50.8080808080808
21:00 - 21:59,Noord,370.0,435.0,15248.0,644.0,462.06060606060606
21:00 - 21:59,Noorderpark,111.0,148.0,4909.0,207.0,148.75757575757575
21:00 - 21:59,Olympiaplein,5.0,10.5,338.0,19.0,10.242424242424242
21:00 - 21:59,Olympiaweg,5.0,9.5,296.0,12.5,8.969696969696969
21:00 - 21:59,Olympisch stadion,5.5,12.5,411.5,33.5,12.469696969696969
21:00 - 21:59,Overamstel,18.0,33.0,1186.5,77.0,35.95454545454545
21:00 - 21:59,Postjesweg,14.0,28.5,932.0,38.5,28.242424242424242
21:00 - 21:59,Prinsengracht,3.3333333333333335,13.666666666666668,550.3333333333334,28.666666666666668,16.67676767676768
21:00 - 21:59,Reigersbos,45.5,61.0,2007.5,80.5,60.833333333333336
21:00 - 21:59,Rijksmuseum,3.3333333333333335,9.666666666666668,519.3333333333335,29.0,15.737373737373742
21:00 - 21:59,Roelof Hartplein,3.3333333333333335,8.5,1345.8333333333337,63.0,40.78282828282829
21:00 - 21:59,Rokin,3.3333333333333335,12.833333333333332,5365.999999999999,285.0,162.60606060606057
21:00 - 21:59,Scheldestraat,5.0,6.0,104.0,11.5,3.1515151515151514
21:00 - 21:59,Spaklerweg,25.666666666666668,37.333333333333336,1271.6666666666665,52.333333333333336,38.53535353535353
21:00 - 21:59,Spui,3.3333333333333335,5.333333333333333,300.3333333333334,23.666666666666668,9.101010101010104
21:00 - 21:59,Station Bijlmer ArenA,97.5,131.0,4800.5,331.5,145.46969696969697
21:00 - 21:59,Station Diemen-Zuid,81.0,114.0,3694.0,150.0,111.93939393939394
21:00 - 21:59,Station Duivendrecht,25.5,42.5,1546.0,91.5,46.84848484848485
21:00 - 21:59,Station Holendrecht,36.5,52.5,1741.5,72.5,52.77272727272727
21:00 - 21:59,Station Lelylaan,29.5,36.5,1304.0,61.5,39.515151515151516
21:00 - 21:59,Station RAI,23.5,36.0,1279.5,67.5,38.77272727272727
21:00 - 21:59,Station Sloterdijk,29.0,60.0,2039.0,107.0,61.78787878787879
21:00 - 21:59,Station Zuid,352.5,460.5,15330.0,681.0,464.54545454545456
21:00 - 21:59,Strandvliet,25.0,36.5,1232.0,46.5,37.333333333333336
21:00 - 21:59,VU medisch centrum,5.0,7.0,205.5,41.0,6.2272727272727275
21:00 - 21:59,Van Baerlestraat,3.3333333333333335,8.0,453.6666666666666,20.666666666666668,13.747474747474744
21:00 - 21:59,Van der Madeweg,45.0,66.0,2277.0,93.0,69.0
21:00 - 21:59,Venserpolder,43.0,73.0,2375.0,109.0,71.96969696969697
21:00 - 21:59,Verrijn Stuartweg,10.0,16.0,366.0,25.0,11.090909090909092
21:00 - 21:59,Victorieplein,3.3333333333333335,6.0,402.33333333333326,13.666666666666666,12.19191919191919
21:00 - 21:59,Vijzelgracht,10.0,113.5,4046.0,174.0,122.60606060606061
21:00 - 21:59,Waalstraat,5.0,6.5,142.0,10.0,4.303030303030303
21:00 - 21:59,Waterlooplein,37.333333333333336,51.333333333333336,1754.333333333333,81.0,53.16161616161615
21:00 - 21:59,Weesperplein,32.666666666666664,44.333333333333336,1514.0000000000002,63.0,45.87878787878788
21:00 - 21:59,Wibautstraat,62.333333333333336,82.66666666666667,2713.3333333333326,106.66666666666667,82.2222222222222
22:00 - 22:59,Amsteldijk,2.5,3.375,55.25,4.75,1.6742424242424243
22:00 - 22:59,Amstelstation,30.0,79.16666666666666,4910.666666666669,132.33333333333334,148.80808080808086
22:00 - 22:59,Amstelveenseweg,5.0,14.0,516.5,33.5,15.651515151515152
22:00 - 22:59,Bullewijk,54.0,84.0,2929.0,162.0,88.75757575757575
22:00 - 22:59,Burg.de Vlugtlaan,13.5,24.0,809.0,36.5,24.515151515151516
22:00 - 22:59,Centraal Station,32.75,98.9,10120.35,332.0,306.67727272727274
22:00 - 22:59,Cornelis Troostplein,5.0,6.0,123.0,9.0,3.727272727272727
22:00 - 22:59,Dam,2.8,17.666666666666668,2008.333333333334,58.666666666666664,60.858585858585876
22:00 - 22:59,De Pijp,16.5,43.5,9340.0,273.0,283.030303030303
22:00 - 22:59,Europaplein,58.0,111.0,4075.0,353.0,123.48484848484848
22:00 - 22:59,Gaasperplas,26.0,42.0,1711.0,150.0,51.84848484848485
22:00 - 22:59,Gein,37.5,53.0,1749.5,77.5,53.015151515151516
22:00 - 22:59,Gerrit v.d. Veenstraat,6.5,11.0,294.5,21.0,8.924242424242424
22:00 - 22:59,Heemstedestraat,13.5,21.5,726.5,35.5,22.015151515151516
22:00 - 22:59,Henk Sneevlietweg,32.5,41.5,1373.0,55.5,41.60606060606061
22:00 - 22:59,IJsbaanpad,7.5,8.75,17.5,10.0,0.5303030303030303
22:00 - 22:59,Isolatorweg,5.0,5.5,103.0,25.5,3.121212121212121
22:00 - 22:59,Jan v.Galenstraat,23.5,34.5,1140.0,51.5,34.54545454545455
22:00 - 22:59,Keizersgracht,3.3333333333333335,5.666666666666667,107.00000000000001,8.0,3.2424242424242427
22:00 - 22:59,Koningsplein,3.3333333333333335,5.833333333333334,363.33333333333326,17.0,11.010101010101009
22:00 - 22:59,Kraaienneststation,76.0,96.0,3278.0,178.0,99.33333333333333
22:00 - 22:59,Leidseplein,6.0,22.03333333333333,1386.9999999999998,43.6,42.030303030303024
22:00 - 22:59,Maasstraat,5.0,5.5,61.5,7.0,1.8636363636363635
22:00 - 22:59,Marie Heinekenplein,10.0,15.0,294.0,23.0,8.909090909090908
22:00 - 22:59,Minervaplein,11.0,11.0,11.0,11.0,0.3333333333333333
22:00 - 22:59,Muntplein,10.0,14.0,248.0,24.0,7.515151515151516
22:00 - 22:59,Museumplein,3.3333333333333335,5.666666666666667,353.00000000000006,12.333333333333334,10.696969696969699
22:00 - 22:59,Nieuwezijds Kolk,2.0,12.8,519.2,24.4,15.733333333333334
22:00 - 22:59,Nieuwmarkt,18.0,38.333333333333336,1261.3333333333337,71.33333333333333,38.222222222222236
22:00 - 22:59,Noord,320.0,398.0,13961.0,594.0,423.06060606060606
22:00 - 22:59,Noorderpark,111.0,143.0,4922.0,206.0,149.15151515151516
22:00 - 22:59,Olympiaplein,5.0,8.75,253.0,15.0,7.666666666666667
22:00 - 22:59,Olympiaweg,5.0,6.5,234.5,13.5,7.106060606060606
22:00 - 22:59,Olympisch stadion,5.5,12.5,431.5,53.5,13.075757575757576
22:00 - 22:59,Overamstel,18.0,30.0,1101.5,91.0,33.378787878787875
22:00 - 22:59,Postjesweg,9.5,22.5,775.0,41.5,23.484848484848484
22:00 - 22:59,Prinsengracht,3.3333333333333335,13.666666666666666,461.6666666666666,22.0,13.989898989898988
22:00 - 22:59,Reigersbos,48.0,61.0,2003.0,91.0,60.696969696969695
22:00 - 22:59,Rijksmuseum,3.3333333333333335,12.0,425.0,20.666666666666668,12.878787878787879
22:00 - 22:59,Roelof Hartplein,3.6666666666666665,8.25,1293.8333333333333,63.0,39.207070707070706
22:00 - 22:59,Rokin,3.3333333333333335,12.666666666666666,3782.333333333334,228.0,114.61616161616163
22:00 - 22:59,Scheldestraat,5.0,6.0,109.0,9.0,3.303030303030303
22:00 - 22:59,Spaklerweg,24.0,36.0,1208.6666666666665,55.666666666666664,36.62626262626262
22:00 - 22:59,Spui,3.3333333333333335,5.0,231.00000000000003,10.666666666666666,7.000000000000001
22:00 - 22:59,Station Bijlmer ArenA,71.0,109.5,3916.5,271.5,118.68181818181819
22:00 - 22:59,Station Diemen-Zuid,51.0,84.0,2812.0,146.0,85.21212121212122
22:00 - 22:59,Station Duivendrecht,17.0,26.5,1029.5,89.0,31.196969696969695
22:00 - 22:59,Station Holendrecht,39.0,56.0,1946.0,120.5,58.96969696969697
22:00 - 22:59,Station Lelylaan,18.5,32.5,1138.5,62.0,34.5
22:00 - 22:59,Station RAI,15.0,33.0,1121.5,60.5,33.984848484848484
22:00 - 22:59,Station Sloterdijk,34.0,85.0,2721.5,182.5,82.46969696969697
22:00 - 22:59,Station Zuid,259.5,357.0,12618.0,604.5,382.3636363636364
22:00 - 22:59,Strandvliet,28.0,36.0,1209.0,51.5,36.63636363636363
22:00 - 22:59,VU medisch centrum,5.0,7.0,188.5,34.5,5.712121212121212
22:00 - 22:59,Van Baerlestraat,3.3333333333333335,8.0,443.0000000000001,20.666666666666668,13.424242424242427
22:00 - 22:59,Van der Madeweg,34.5,52.5,1870.5,123.0,56.68181818181818
22:00 - 22:59,Venserpolder,46.0,64.0,2159.0,89.0,65.42424242424242
22:00 - 22:59,Verrijn Stuartweg,10.0,14.0,248.0,20.0,7.515151515151516
22:00 - 22:59,Victorieplein,3.3333333333333335,6.0,311.0,13.0,9.424242424242424
22:00 - 22:59,Vijzelgracht,11.0,90.0,3207.0,137.0,97.18181818181819
22:00 - 22:59,Waalstraat,5.0,6.0,104.0,9.5,3.1515151515151514
22:00 - 22:59,Waterlooplein,31.333333333333332,40.666666666666664,1345.0,59.666666666666664,40.75757575757576
22:00 - 22:59,Weesperplein,29.333333333333332,40.666666666666664,1358.3333333333333,53.0,41.16161616161616
22:00 - 22:59,Wibautstraat,55.0,72.0,2460.0000000000005,99.66666666666667,74.54545454545456
23:00 - 23:59,Amsteldijk,2.5,3.0,48.0,5.0,1.4545454545454546
23:00 - 23:59,Amstelstation,17.0,61.0,3976.9999999999995,143.66666666666666,120.5151515151515
23:00 - 23:59,Amstelveenseweg,6.0,13.5,506.0,47.0,15.333333333333334
23:00 - 23:59,Bullewijk,40.0,70.5,2520.0,155.0,76.36363636363636
23:00 - 23:59,Burg.de Vlugtlaan,7.5,19.0,704.5,61.0,21.348484848484848
23:00 - 23:59,Centraal Station,24.25,66.5,7824.116666666669,341.6666666666667,237.0944444444445
23:00 - 23:59,Cornelis Troostplein,5.0,6.25,37.0,7.0,1.121212121212121
23:00 - 23:59,Dam,2.0,10.5,1044.7999999999997,40.0,31.660606060606053
23:00 - 23:59,De Pijp,15.0,31.5,7403.0,266.0,224.33333333333334
23:00 - 23:59,Europaplein,57.0,86.0,3115.0,251.0,94.39393939393939
23:00 - 23:59,Gaasperplas,19.0,42.0,1609.0,155.0,48.75757575757576
23:00 - 23:59,Gein,32.5,43.5,1448.5,75.5,43.89393939393939
23:00 - 23:59,Gerrit v.d. Veenstraat,5.0,7.5,174.5,27.0,5.287878787878788
23:00 - 23:59,Heemstedestraat,6.5,19.0,656.0,51.0,19.87878787878788
23:00 - 23:59,Henk Sneevlietweg,27.0,37.0,1302.0,82.5,39.45454545454545
23:00 - 23:59,Isolatorweg,5.0,12.0,132.0,60.5,4.0
23:00 - 23:59,Jan v.Galenstraat,17.5,27.5,976.0,70.5,29.575757575757574
23:00 - 23:59,Keizersgracht,3.3333333333333335,4.333333333333333,50.66666666666667,5.333333333333333,1.5353535353535355
23:00 - 23:59,Koningsplein,3.3333333333333335,5.0,232.66666666666663,12.0,7.050505050505049
23:00 - 23:59,Kraaienneststation,73.0,94.0,3206.0,202.0,97.15151515151516
23:00 - 23:59,Leidseplein,3.3333333333333335,14.8,925.2,41.0,28.03636363636364
23:00 - 23:59,Marie Heinekenplein,10.0,12.5,180.0,17.0,5.454545454545454
23:00 - 23:59,Minervaplein,12.0,12.0,12.0,12.0,0.36363636363636365
23:00 - 23:59,Muntplein,10.0,11.5,108.0,28.0,3.272727272727273
23:00 - 23:59,Museumplein,3.3333333333333335,5.0,196.99999999999994,9.333333333333334,5.969696969696968
23:00 - 23:59,Nieuwezijds Kolk,2.2,7.5,277.59999999999997,13.2,8.41212121212121
23:00 - 23:59,Nieuwmarkt,11.0,25.666666666666668,1020.3333333333333,88.66666666666667,30.919191919191917
23:00 - 23:59,Noord,247.0,358.0,11898.0,521.0,360.54545454545456
23:00 - 23:59,Noorderpark,109.0,130.0,4499.0,225.0,136.33333333333334
23:00 - 23:59,Olympiaplein,5.0,7.0,174.5,13.0,5.287878787878788
23:00 - 23:59,Olympiaweg,5.0,7.5,128.5,11.5,3.893939393939394
23:00 - 23:59,Olympisch stadion,5.0,11.0,298.5,21.0,9.045454545454545
23:00 - 23:59,Overamstel,10.5,20.5,870.5,65.0,26.37878787878788
23:00 - 23:59,Postjesweg,6.5,16.5,630.0,43.0,19.09090909090909
23:00 - 23:59,Prinsengracht,3.3333333333333335,9.333333333333334,353.0,19.0,10.696969696969697
23:00 - 23:59,Reigersbos,39.5,56.0,1847.0,74.0,55.96969696969697
23:00 - 23:59,Rijksmuseum,3.3333333333333335,7.0,273.33333333333337,15.666666666666666,8.282828282828284
23:00 - 23:59,Roelof Hartplein,3.3333333333333335,15.75,713.9999999999999,51.0,21.636363636363633
23:00 - 23:59,Rokin,3.3333333333333335,51.0,2166.666666666667,117.0,65.65656565656566
23:00 - 23:59,Scheldestraat,5.5,6.0,37.5,7.0,1.1363636363636365
23:00 - 23:59,Spaklerweg,16.666666666666668,24.666666666666668,892.0,56.333333333333336,27.03030303030303
23:00 - 23:59,Spui,3.3333333333333335,4.0,60.66666666666668,6.666666666666667,1.8383838383838387
23:00 - 23:59,Station Bijlmer ArenA,61.0,98.0,3480.0,209.0,105.45454545454545
23:00 - 23:59,Station Diemen-Zuid,56.0,79.0,2640.0,155.0,80.0
23:00 - 23:59,Station Duivendrecht,15.5,26.0,1096.0,81.0,33.21212121212121
23:00 - 23:59,Station Holendrecht,32.5,46.0,1584.5,91.5,48.015151515151516
23:00 - 23:59,Station Lelylaan,11.5,29.0,1037.0,76.0,31.424242424242426
23:00 - 23:59,Station RAI,11.5,28.5,1052.5,115.5,31.893939393939394
23:00 - 23:59,Station Sloterdijk,20.0,153.5,4503.0,295.0,136.45454545454547
23:00 - 23:59,Station Zuid,172.5,355.5,12126.0,739.5,367.45454545454544
23:00 - 23:59,Strandvliet,22.0,32.0,1056.5,47.5,32.015151515151516
23:00 - 23:59,VU medisch centrum,5.0,6.0,51.0,8.5,1.5454545454545454
23:00 - 23:59,Van Baerlestraat,3.3333333333333335,7.5,270.3333333333333,18.0,8.191919191919192
23:00 - 23:59,Van der Madeweg,27.0,45.0,1647.0,124.5,49.90909090909091
23:00 - 23:59,Venserpolder,36.0,59.0,2077.0,101.0,62.93939393939394
23:00 - 23:59,Verrijn Stuartweg,10.0,15.0,317.0,23.0,9.606060606060606
23:00 - 23:59,Victorieplein,3.3333333333333335,5.333333333333333,227.66666666666669,12.0,6.8989898989899
23:00 - 23:59,Vijzelgracht,10.0,66.0,2398.0,140.0,72.66666666666667
23:00 - 23:59,Waalstraat,5.0,5.25,34.5,7.5,1.0454545454545454
23:00 - 23:59,Waterlooplein,15.666666666666666,28.0,1079.6666666666667,78.33333333333333,32.717171717171716
23:00 - 23:59,Weesperplein,17.333333333333332,31.0,1192.6666666666667,106.66666666666667,36.141414141414145
23:00 - 23:59,Wibautstraat,38.666666666666664,59.333333333333336,2036.6666666666665,100.33333333333333,61.71717171717171
