,hour,stop,min,median,sum,max,mean
0,00:00 - 00:59,Amsteldijk,25,25.0,25,25,0.7352941176470589
1,00:00 - 00:59,Amstelstation,11,40.5,1561,65,45.911764705882355
2,00:00 - 00:59,Amstelveenseweg,11,12.0,56,21,1.6470588235294117
3,00:00 - 00:59,Bullewijk,10,13.0,149,26,4.382352941176471
4,00:00 - 00:59,Burg.de Vlugtlaan,10,12.5,48,13,1.411764705882353
5,00:00 - 00:59,Centraal Station,10,79.5,23682,972,696.5294117647059
6,00:00 - 00:59,Dam,10,69.0,7393,304,217.44117647058823
7,00:00 - 00:59,De Pijp,10,37.0,1645,115,48.38235294117647
8,00:00 - 00:59,Europaplein,10,13.0,308,44,9.058823529411764
9,00:00 - 00:59,Gaasperplas,15,15.0,15,15,0.4411764705882353
10,00:00 - 00:59,Heemstedestraat,11,13.0,37,13,1.088235294117647
11,00:00 - 00:59,Henk Sneevlietweg,10,11.0,56,14,1.6470588235294117
12,00:00 - 00:59,Isolatorweg,11,36.0,506,102,14.882352941176471
13,00:00 - 00:59,Jan v.Galenstraat,10,12.0,147,33,4.323529411764706
14,00:00 - 00:59,Keizersgracht,10,13.0,136,16,4.0
15,00:00 - 00:59,Koningsplein,10,25.5,1410,86,41.470588235294116
16,00:00 - 00:59,Kraaienneststation,10,11.0,55,13,1.6176470588235294
17,00:00 - 00:59,Leidseplein,16,47.0,6786,140,199.58823529411765
18,00:00 - 00:59,Muntplein,10,13.0,274,45,8.058823529411764
19,00:00 - 00:59,Museumplein,10,11.0,87,16,2.5588235294117645
20,00:00 - 00:59,Nieuwezijds Kolk,17,47.5,1702,87,50.05882352941177
21,00:00 - 00:59,Nieuwmarkt,47,84.5,3388,278,99.6470588235294
22,00:00 - 00:59,Noord,10,20.0,647,43,19.029411764705884
23,00:00 - 00:59,Noorderpark,11,18.0,606,41,17.823529411764707
24,00:00 - 00:59,Overamstel,10,10.0,10,10,0.29411764705882354
25,00:00 - 00:59,Prinsengracht,10,15.0,884,37,26.0
26,00:00 - 00:59,Reigersbos,10,11.5,23,13,0.6764705882352942
27,00:00 - 00:59,Rijksmuseum,10,13.0,113,25,3.323529411764706
28,00:00 - 00:59,Rokin,10,39.5,5670,400,166.76470588235293
29,00:00 - 00:59,Spaklerweg,10,13.0,158,18,4.647058823529412
30,00:00 - 00:59,Spui,10,15.0,695,42,20.441176470588236
31,00:00 - 00:59,Station Bijlmer ArenA,10,30.0,2356,222,69.29411764705883
32,00:00 - 00:59,Station Diemen-Zuid,10,12.0,110,23,3.235294117647059
33,00:00 - 00:59,Station Duivendrecht,10,14.5,273,49,8.029411764705882
34,00:00 - 00:59,Station Ganzenhoef,10,10.0,10,10,0.29411764705882354
35,00:00 - 00:59,Station Holendrecht,16,16.5,33,17,0.9705882352941176
36,00:00 - 00:59,Station Lelylaan,10,13.0,870,40,25.58823529411765
37,00:00 - 00:59,Station RAI,10,12.0,161,20,4.735294117647059
38,00:00 - 00:59,Station Sloterdijk,10,25.0,1239,112,36.44117647058823
39,00:00 - 00:59,Station Zuid,10,45.0,2213,275,65.08823529411765
40,00:00 - 00:59,Strandvliet,16,16.0,70,22,2.0588235294117645
41,00:00 - 00:59,Van Baerlestraat,10,10.5,68,15,2.0
42,00:00 - 00:59,Van der Madeweg,11,11.0,68,12,2.0
43,00:00 - 00:59,Venserpolder,13,13.5,27,14,0.7941176470588235
44,00:00 - 00:59,Vijzelgracht,10,27.0,1661,79,48.85294117647059
45,00:00 - 00:59,Waterlooplein,10,76.5,3095,214,91.02941176470588
46,00:00 - 00:59,Weesperplein,10,33.0,1253,57,36.85294117647059
47,00:00 - 00:59,Wibautstraat,18,33.0,1123,57,33.029411764705884
48,01:00 - 01:59,Amstelstation,10,10.0,10,10,0.29411764705882354
49,01:00 - 01:59,Centraal Station,10,29.0,4496,117,132.23529411764707
50,01:00 - 01:59,Dam,11,44.0,2999,105,88.20588235294117
51,01:00 - 01:59,Leidseplein,11,28.0,1366,85,40.1764705882353
52,01:00 - 01:59,Nieuwezijds Kolk,10,15.0,393,32,11.558823529411764
53,01:00 - 01:59,Rokin,10,15.0,296,34,8.705882352941176
54,01:00 - 01:59,Station Bijlmer ArenA,11,12.0,71,21,2.088235294117647
55,01:00 - 01:59,Station Lelylaan,27,27.0,27,27,0.7941176470588235
56,01:00 - 01:59,Station Sloterdijk,12,12.0,12,12,0.35294117647058826
57,01:00 - 01:59,Waterlooplein,10,11.0,22,12,0.6470588235294118
58,02:00 - 02:59,Centraal Station,10,19.0,2397,59,70.5
59,02:00 - 02:59,Dam,10,30.0,2196,123,64.58823529411765
60,02:00 - 02:59,Leidseplein,11,27.0,1106,68,32.529411764705884
61,02:00 - 02:59,Nieuwezijds Kolk,10,11.0,158,24,4.647058823529412
62,02:00 - 02:59,Rokin,10,12.0,151,16,4.4411764705882355
63,02:00 - 02:59,Station Sloterdijk,12,15.5,31,19,0.9117647058823529
64,02:00 - 02:59,Waterlooplein,14,14.0,14,14,0.4117647058823529
65,03:00 - 03:59,Amstelveenseweg,24,24.0,24,24,0.7058823529411765
66,03:00 - 03:59,Centraal Station,10,15.0,1225,43,36.029411764705884
67,03:00 - 03:59,Dam,10,26.0,1188,70,34.94117647058823
68,03:00 - 03:59,Leidseplein,10,20.5,815,61,23.970588235294116
69,03:00 - 03:59,Nieuwezijds Kolk,10,10.0,54,13,1.588235294117647
70,03:00 - 03:59,Rokin,11,13.0,145,23,4.264705882352941
71,03:00 - 03:59,Station Bijlmer ArenA,17,17.0,17,17,0.5
72,04:00 - 04:59,Centraal Station,10,12.0,550,32,16.176470588235293
73,04:00 - 04:59,Dam,10,12.5,398,26,11.705882352941176
74,04:00 - 04:59,Leidseplein,10,15.0,325,43,9.558823529411764
75,04:00 - 04:59,Nieuwezijds Kolk,17,17.0,17,17,0.5
76,04:00 - 04:59,Rokin,10,12.0,36,14,1.0588235294117647
77,04:00 - 04:59,Station Duivendrecht,17,17.0,17,17,0.5
78,05:00 - 05:59,Amsteldijk,10,10.0,10,10,0.29411764705882354
79,05:00 - 05:59,Amstelstation,10,12.0,507,29,14.911764705882353
80,05:00 - 05:59,Amstelveenseweg,10,10.0,85,14,2.5
81,05:00 - 05:59,Bullewijk,28,42.5,1339,58,39.38235294117647
82,05:00 - 05:59,Burg.de Vlugtlaan,23,44.0,1364,56,40.11764705882353
83,05:00 - 05:59,Centraal Station,10,20.0,2559,57,75.26470588235294
84,05:00 - 05:59,Cornelis Troostplein,11,11.0,11,11,0.3235294117647059
85,05:00 - 05:59,Dam,10,10.5,73,20,2.1470588235294117
86,05:00 - 05:59,De Pijp,10,24.0,836,39,24.58823529411765
87,05:00 - 05:59,Europaplein,10,11.0,118,17,3.4705882352941178
88,05:00 - 05:59,Gaasperplas,11,17.0,541,22,15.911764705882353
89,05:00 - 05:59,Gein,49,79.0,2443,89,71.8529411764706
90,05:00 - 05:59,Heemstedestraat,10,10.0,33,13,0.9705882352941176
91,05:00 - 05:59,Henk Sneevlietweg,10,11.5,47,14,1.3823529411764706
92,05:00 - 05:59,Isolatorweg,35,35.0,35,35,1.0294117647058822
93,05:00 - 05:59,Jan v.Galenstraat,10,16.0,552,34,16.235294117647058
94,05:00 - 05:59,Koningsplein,12,12.0,12,12,0.35294117647058826
95,05:00 - 05:59,Kraaienneststation,12,84.0,2606,101,76.6470588235294
96,05:00 - 05:59,Leidseplein,10,12.0,130,49,3.823529411764706
97,05:00 - 05:59,Noord,89,133.5,4212,169,123.88235294117646
98,05:00 - 05:59,Noorderpark,17,34.5,1108,70,32.588235294117645
99,05:00 - 05:59,Overamstel,10,10.0,10,10,0.29411764705882354
100,05:00 - 05:59,Postjesweg,10,13.0,776,21,22.823529411764707
101,05:00 - 05:59,Reigersbos,54,81.5,2557,95,75.20588235294117
102,05:00 - 05:59,Rijksmuseum,10,10.5,21,11,0.6176470588235294
103,05:00 - 05:59,Rokin,10,12.0,257,43,7.5588235294117645
104,05:00 - 05:59,Station Bijlmer ArenA,10,43.0,1370,52,40.294117647058826
105,05:00 - 05:59,Station Diemen-Zuid,10,13.0,367,17,10.794117647058824
106,05:00 - 05:59,Station Duivendrecht,16,39.0,1264,58,37.1764705882353
107,05:00 - 05:59,Station Ganzenhoef,10,79.5,2630,98,77.3529411764706
108,05:00 - 05:59,Station Holendrecht,24,44.0,1406,58,41.35294117647059
109,05:00 - 05:59,Station Lelylaan,10,20.0,670,29,19.705882352941178
110,05:00 - 05:59,Station RAI,10,12.0,282,16,8.294117647058824
111,05:00 - 05:59,Station Sloterdijk,19,30.0,1007,50,29.61764705882353
112,05:00 - 05:59,Station Zuid,12,22.0,715,30,21.029411764705884
113,05:00 - 05:59,Strandvliet,17,28.5,899,35,26.441176470588236
114,05:00 - 05:59,Van der Madeweg,10,11.0,79,12,2.323529411764706
115,05:00 - 05:59,Venserpolder,12,16.0,517,21,15.205882352941176
116,05:00 - 05:59,Victorieplein,10,11.0,191,14,5.617647058823529
117,05:00 - 05:59,Vijzelgracht,10,16.0,536,49,15.764705882352942
118,05:00 - 05:59,Waalstraat,10,10.0,20,10,0.5882352941176471
119,05:00 - 05:59,Waterlooplein,10,11.0,22,12,0.6470588235294118
120,05:00 - 05:59,Weesperplein,10,11.0,114,14,3.3529411764705883
121,05:00 - 05:59,Wibautstraat,10,13.0,380,21,11.176470588235293
122,06:00 - 06:59,Amsteldijk,10,11.0,113,14,3.323529411764706
123,06:00 - 06:59,Amstelstation,10,269.0,9073,380,266.8529411764706
124,06:00 - 06:59,Amstelveenseweg,11,52.0,1674,78,49.23529411764706
125,06:00 - 06:59,Bullewijk,74,120.5,3797,148,111.67647058823529
126,06:00 - 06:59,Burg.de Vlugtlaan,10,69.0,3239,132,95.26470588235294
127,06:00 - 06:59,Centraal Station,10,25.5,27259,591,801.7352941176471
128,06:00 - 06:59,Dam,10,12.0,142,18,4.176470588235294
129,06:00 - 06:59,De Boelelaan/VU,11,11.0,11,11,0.3235294117647059
130,06:00 - 06:59,De Pijp,10,16.5,4543,183,133.61764705882354
131,06:00 - 06:59,Europaplein,16,36.0,1140,55,33.529411764705884
132,06:00 - 06:59,Gaasperplas,22,47.5,1489,57,43.794117647058826
133,06:00 - 06:59,Gein,124,218.5,6703,246,197.14705882352942
134,06:00 - 06:59,Heemstedestraat,22,49.0,1575,77,46.3235294117647
135,06:00 - 06:59,Henk Sneevlietweg,25,60.5,1860,79,54.705882352941174
136,06:00 - 06:59,Isolatorweg,11,81.5,163,152,4.794117647058823
137,06:00 - 06:59,Jan v.Galenstraat,10,14.0,4006,101,117.82352941176471
138,06:00 - 06:59,Keizersgracht,12,12.0,12,12,0.35294117647058826
139,06:00 - 06:59,Koningsplein,10,15.0,30,20,0.8823529411764706
140,06:00 - 06:59,Kraaienneststation,10,30.0,6571,203,193.26470588235293
141,06:00 - 06:59,Leidseplein,10,14.0,931,48,27.38235294117647
142,06:00 - 06:59,Marie Heinekenplein,10,14.5,29,19,0.8529411764705882
143,06:00 - 06:59,Museumplein,11,11.0,11,11,0.3235294117647059
144,06:00 - 06:59,Nieuwezijds Kolk,10,10.0,20,10,0.5882352941176471
145,06:00 - 06:59,Nieuwmarkt,20,44.0,1372,58,40.35294117647059
146,06:00 - 06:59,Noord,39,573.0,17404,676,511.88235294117646
147,06:00 - 06:59,Noorderpark,71,130.5,4119,240,121.1470588235294
148,06:00 - 06:59,Olympiaplein,11,12.0,37,14,1.088235294117647
149,06:00 - 06:59,Olympiaweg,10,11.0,53,11,1.5588235294117647
150,06:00 - 06:59,Overamstel,11,20.0,621,34,18.264705882352942
151,06:00 - 06:59,Postjesweg,10,18.0,2578,93,75.82352941176471
152,06:00 - 06:59,Prinsengracht,10,13.0,95,18,2.7941176470588234
153,06:00 - 06:59,Reigersbos,118,216.5,6741,243,198.26470588235293
154,06:00 - 06:59,Rijksmuseum,10,11.0,33,12,0.9705882352941176
155,06:00 - 06:59,Roelof Hartplein,10,12.5,50,15,1.4705882352941178
156,06:00 - 06:59,Rokin,13,31.0,928,40,27.294117647058822
157,06:00 - 06:59,Spaklerweg,18,40.0,1316,64,38.705882352941174
158,06:00 - 06:59,Spui,10,10.0,32,12,0.9411764705882353
159,06:00 - 06:59,Station Bijlmer ArenA,10,153.5,5905,204,173.6764705882353
160,06:00 - 06:59,Station Diemen-Zuid,35,63.5,1969,85,57.911764705882355
161,06:00 - 06:59,Station Duivendrecht,12,209.5,6681,270,196.5
162,06:00 - 06:59,Station Ganzenhoef,10,190.0,6561,222,192.97058823529412
163,06:00 - 06:59,Station Holendrecht,84,165.0,5087,186,149.61764705882354
164,06:00 - 06:59,Station Lelylaan,10,33.0,3960,123,116.47058823529412
165,06:00 - 06:59,Station RAI,18,45.5,1382,57,40.64705882352941
166,06:00 - 06:59,Station Sloterdijk,10,21.0,12790,379,376.1764705882353
167,06:00 - 06:59,Station Zuid,10,174.5,6936,266,204.0
168,06:00 - 06:59,Strandvliet,58,93.5,2933,110,86.26470588235294
169,06:00 - 06:59,Van Baerlestraat,13,13.0,13,13,0.38235294117647056
170,06:00 - 06:59,Van der Madeweg,20,44.0,1417,66,41.6764705882353
171,06:00 - 06:59,Venserpolder,34,63.5,1993,80,58.61764705882353
172,06:00 - 06:59,Verrijn Stuartweg,10,18.0,496,27,14.588235294117647
173,06:00 - 06:59,Victorieplein,10,13.0,594,40,17.470588235294116
174,06:00 - 06:59,Vijzelgracht,31,60.5,1851,87,54.44117647058823
175,06:00 - 06:59,Waalstraat,11,12.5,25,14,0.7352941176470589
176,06:00 - 06:59,Waterlooplein,23,66.5,2108,87,62.0
177,06:00 - 06:59,Weesperplein,10,72.0,2552,104,75.05882352941177
178,06:00 - 06:59,Wibautstraat,75,153.0,4650,186,136.76470588235293
179,07:00 - 07:59,Amsteldijk,10,20.5,627,35,18.441176470588236
180,07:00 - 07:59,Amstelstation,10,20.0,39081,1318,1149.4411764705883
181,07:00 - 07:59,Amstelveenseweg,10,27.0,7064,361,207.76470588235293
182,07:00 - 07:59,Beethovenstraat,10,16.0,112,24,3.2941176470588234
183,07:00 - 07:59,Bullewijk,104,257.0,7622,321,224.1764705882353
184,07:00 - 07:59,Burg.de Vlugtlaan,11,54.5,10681,413,314.1470588235294
185,07:00 - 07:59,Centraal Station,10,61.0,98506,2231,2897.235294117647
186,07:00 - 07:59,Cornelis Troostplein,10,17.0,490,39,14.411764705882353
187,07:00 - 07:59,Dam,10,18.0,1728,45,50.8235294117647
188,07:00 - 07:59,De Boelelaan/VU,10,24.0,677,39,19.91176470588235
189,07:00 - 07:59,De Pijp,13,41.0,16933,658,498.02941176470586
190,07:00 - 07:59,Europaplein,11,143.5,4584,244,134.8235294117647
191,07:00 - 07:59,Gaasperplas,10,120.5,3832,167,112.70588235294117
192,07:00 - 07:59,Gein,192,504.0,14877,562,437.55882352941177
193,07:00 - 07:59,Gerrit v.d. Veenstraat,10,18.0,383,32,11.264705882352942
194,07:00 - 07:59,Heemstedestraat,11,50.5,6292,279,185.05882352941177
195,07:00 - 07:59,Henk Sneevlietweg,39,190.0,5791,226,170.3235294117647
196,07:00 - 07:59,Isolatorweg,10,15.0,455,40,13.382352941176471
197,07:00 - 07:59,Jan v.Galenstraat,10,36.5,13338,299,392.29411764705884
198,07:00 - 07:59,Keizersgracht,12,17.5,482,24,14.176470588235293
199,07:00 - 07:59,Koningsplein,10,11.0,291,18,8.558823529411764
200,07:00 - 07:59,Kraaienneststation,10,41.0,14833,461,436.2647058823529
201,07:00 - 07:59,Leidseplein,10,33.0,3606,72,106.05882352941177
202,07:00 - 07:59,Maasstraat,10,12.0,539,20,15.852941176470589
203,07:00 - 07:59,Marie Heinekenplein,10,12.0,83,23,2.4411764705882355
204,07:00 - 07:59,Minervaplein,10,10.0,10,10,0.29411764705882354
205,07:00 - 07:59,Museumplein,10,21.0,1275,51,37.5
206,07:00 - 07:59,Nieuwezijds Kolk,10,17.0,1143,30,33.61764705882353
207,07:00 - 07:59,Nieuwmarkt,60,162.0,5076,224,149.2941176470588
208,07:00 - 07:59,Noord,523,1714.0,51414,2018,1512.1764705882354
209,07:00 - 07:59,Noorderpark,10,334.5,11163,457,328.3235294117647
210,07:00 - 07:59,Olympiaplein,10,21.5,1460,56,42.94117647058823
211,07:00 - 07:59,Olympiaweg,10,19.0,1213,46,35.6764705882353
212,07:00 - 07:59,Olympisch stadion,10,12.0,489,23,14.382352941176471
213,07:00 - 07:59,Overamstel,26,57.0,1767,80,51.970588235294116
214,07:00 - 07:59,Postjesweg,10,58.0,9935,286,292.20588235294116
215,07:00 - 07:59,Prinsengracht,10,24.0,835,37,24.558823529411764
216,07:00 - 07:59,Reigersbos,217,584.0,16890,623,496.7647058823529
217,07:00 - 07:59,Rijksmuseum,10,20.0,728,29,21.41176470588235
218,07:00 - 07:59,Roelof Hartplein,10,23.5,1756,68,51.64705882352941
219,07:00 - 07:59,Rokin,10,111.5,3938,190,115.82352941176471
220,07:00 - 07:59,Scheldestraat,10,11.0,337,20,9.911764705882353
221,07:00 - 07:59,Spaklerweg,61,146.0,4589,200,134.97058823529412
222,07:00 - 07:59,Spui,10,18.0,569,28,16.735294117647058
223,07:00 - 07:59,Station Bijlmer ArenA,10,31.0,19206,687,564.8823529411765
224,07:00 - 07:59,Station Diemen-Zuid,74,182.0,5625,232,165.44117647058823
225,07:00 - 07:59,Station Duivendrecht,10,621.5,23901,972,702.9705882352941
226,07:00 - 07:59,Station Ganzenhoef,10,20.0,12599,464,370.55882352941177
227,07:00 - 07:59,Station Holendrecht,10,425.0,13012,507,382.70588235294116
228,07:00 - 07:59,Station Lelylaan,10,56.0,15321,415,450.61764705882354
229,07:00 - 07:59,Station RAI,10,158.0,5168,199,152.0
230,07:00 - 07:59,Station Sloterdijk,10,62.0,51471,1435,1513.8529411764705
231,07:00 - 07:59,Station Zuid,10,41.0,38453,1390,1130.9705882352941
232,07:00 - 07:59,Strandvliet,74,186.0,5681,214,167.08823529411765
233,07:00 - 07:59,VU medisch centrum,10,10.0,32,12,0.9411764705882353
234,07:00 - 07:59,Van Baerlestraat,10,17.0,992,43,29.176470588235293
235,07:00 - 07:59,Van der Madeweg,37,116.0,3545,138,104.26470588235294
236,07:00 - 07:59,Venserpolder,63,140.0,4291,174,126.20588235294117
237,07:00 - 07:59,Verrijn Stuartweg,17,49.0,1507,78,44.3235294117647
238,07:00 - 07:59,Victorieplein,10,31.0,3026,87,89.0
239,07:00 - 07:59,Vijzelgracht,10,23.0,6917,242,203.44117647058823
240,07:00 - 07:59,Waalstraat,10,14.0,950,47,27.941176470588236
241,07:00 - 07:59,Waterlooplein,73,214.0,6752,265,198.58823529411765
242,07:00 - 07:59,Weesperplein,10,27.5,10614,381,312.1764705882353
243,07:00 - 07:59,Wibautstraat,10,499.0,15957,640,469.3235294117647
244,08:00 - 08:59,Amsteldijk,10,25.0,1505,59,44.26470588235294
245,08:00 - 08:59,Amstelstation,10,30.5,98969,3493,2910.8529411764707
246,08:00 - 08:59,Amstelveenseweg,10,28.0,14948,681,439.6470588235294
247,08:00 - 08:59,Beethovenstraat,10,21.0,229,37,6.735294117647059
248,08:00 - 08:59,Bullewijk,168,388.0,12021,458,353.55882352941177
249,08:00 - 08:59,Burg.de Vlugtlaan,10,103.0,16869,594,496.1470588235294
250,08:00 - 08:59,Centraal Station,12,129.5,239735,5538,7051.029411764706
251,08:00 - 08:59,Cornelis Troostplein,10,23.0,1458,52,42.88235294117647
252,08:00 - 08:59,Dam,10,29.0,3623,73,106.55882352941177
253,08:00 - 08:59,De Boelelaan/VU,10,18.0,2299,73,67.61764705882354
254,08:00 - 08:59,De Pijp,15,80.0,31019,1224,912.3235294117648
255,08:00 - 08:59,Europaplein,12,309.0,9774,449,287.47058823529414
256,08:00 - 08:59,Gaasperplas,10,152.0,5397,211,158.73529411764707
257,08:00 - 08:59,Gein,180,560.0,16771,653,493.2647058823529
258,08:00 - 08:59,Gerrit v.d. Veenstraat,11,27.0,1353,55,39.794117647058826
259,08:00 - 08:59,Heemstedestraat,10,66.0,12467,552,366.6764705882353
260,08:00 - 08:59,Henk Sneevlietweg,91,371.0,11303,459,332.44117647058823
261,08:00 - 08:59,IJsbaanpad,11,12.5,25,14,0.7352941176470589
262,08:00 - 08:59,Isolatorweg,16,23.0,840,80,24.705882352941178
263,08:00 - 08:59,Jan v.Galenstraat,10,51.0,22419,522,659.3823529411765
264,08:00 - 08:59,Keizersgracht,10,16.0,735,33,21.61764705882353
265,08:00 - 08:59,Koningsplein,10,18.0,1178,31,34.64705882352941
266,08:00 - 08:59,Kraaienneststation,12,75.5,20073,573,590.3823529411765
267,08:00 - 08:59,Leidseplein,13,63.0,7715,121,226.91176470588235
268,08:00 - 08:59,Maasstraat,10,19.0,1833,43,53.911764705882355
269,08:00 - 08:59,Marie Heinekenplein,10,15.0,898,33,26.41176470588235
270,08:00 - 08:59,Minervaplein,10,12.0,190,16,5.588235294117647
271,08:00 - 08:59,Muntplein,10,11.0,149,19,4.382352941176471
272,08:00 - 08:59,Museumplein,10,36.5,3041,97,89.44117647058823
273,08:00 - 08:59,Nieuwezijds Kolk,11,39.0,2632,85,77.41176470588235
274,08:00 - 08:59,Nieuwmarkt,96,290.0,9093,377,267.44117647058823
275,08:00 - 08:59,Noord,739,2516.0,72814,2868,2141.5882352941176
276,08:00 - 08:59,Noorderpark,10,25.0,18873,794,555.0882352941177
277,08:00 - 08:59,Olympiaplein,11,33.0,2727,99,80.20588235294117
278,08:00 - 08:59,Olympiaweg,10,29.0,2375,91,69.8529411764706
279,08:00 - 08:59,Olympisch stadion,10,24.0,1616,46,47.529411764705884
280,08:00 - 08:59,Overamstel,39,120.0,3821,179,112.38235294117646
281,08:00 - 08:59,Postjesweg,11,76.5,16261,554,478.2647058823529
282,08:00 - 08:59,Prinsengracht,10,18.0,1772,54,52.11764705882353
283,08:00 - 08:59,Reigersbos,258,660.0,19735,746,580.4411764705883
284,08:00 - 08:59,Rijksmuseum,10,29.0,1958,58,57.588235294117645
285,08:00 - 08:59,Roelof Hartplein,10,34.0,4503,158,132.44117647058823
286,08:00 - 08:59,Rokin,10,26.0,7573,509,222.73529411764707
287,08:00 - 08:59,Scheldestraat,10,16.5,1361,33,40.029411764705884
288,08:00 - 08:59,Spaklerweg,99,295.0,9338,387,274.6470588235294
289,08:00 - 08:59,Spui,10,23.0,1330,41,39.11764705882353
290,08:00 - 08:59,Station Bijlmer ArenA,10,52.0,34798,1269,1023.4705882352941
291,08:00 - 08:59,Station Diemen-Zuid,103,352.0,10676,454,314.0
292,08:00 - 08:59,Station Duivendrecht,10,21.0,47328,1803,1392.0
293,08:00 - 08:59,Station Ganzenhoef,10,23.0,16894,551,496.88235294117646
294,08:00 - 08:59,Station Holendrecht,10,287.5,18379,705,540.5588235294117
295,08:00 - 08:59,Station Lelylaan,10,118.5,31910,902,938.5294117647059
296,08:00 - 08:59,Station RAI,12,359.0,11814,488,347.47058823529414
297,08:00 - 08:59,Station Sloterdijk,10,107.5,85094,2319,2502.764705882353
298,08:00 - 08:59,Station Zuid,10,85.0,95062,3501,2795.9411764705883
299,08:00 - 08:59,Strandvliet,96,318.0,9274,357,272.7647058823529
300,08:00 - 08:59,VU medisch centrum,11,21.5,648,35,19.058823529411764
301,08:00 - 08:59,Van Baerlestraat,10,31.0,2811,72,82.67647058823529
302,08:00 - 08:59,Van der Madeweg,64,191.0,5752,238,169.1764705882353
303,08:00 - 08:59,Venserpolder,74,209.0,6497,266,191.08823529411765
304,08:00 - 08:59,Verrijn Stuartweg,28,71.5,2450,144,72.05882352941177
305,08:00 - 08:59,Victorieplein,10,42.0,6583,157,193.61764705882354
306,08:00 - 08:59,Vijzelgracht,10,43.0,12900,446,379.4117647058824
307,08:00 - 08:59,Waalstraat,10,24.0,2981,52,87.67647058823529
308,08:00 - 08:59,Waterlooplein,10,366.0,12272,515,360.94117647058823
309,08:00 - 08:59,Weesperplein,10,48.0,21423,733,630.0882352941177
310,08:00 - 08:59,Wibautstraat,11,267.0,29609,1175,870.8529411764706
311,09:00 - 09:59,Amsteldijk,10,20.0,913,44,26.852941176470587
312,09:00 - 09:59,Amstelstation,10,29.0,61861,2277,1819.4411764705883
313,09:00 - 09:59,Amstelveenseweg,10,39.0,9112,436,268.0
314,09:00 - 09:59,Beethovenstraat,10,16.5,135,29,3.9705882352941178
315,09:00 - 09:59,Bullewijk,192,282.0,9733,413,286.2647058823529
316,09:00 - 09:59,Burg.de Vlugtlaan,10,58.0,8418,305,247.58823529411765
317,09:00 - 09:59,Centraal Station,14,109.0,170681,3981,5020.029411764706
318,09:00 - 09:59,Cornelis Troostplein,10,15.0,809,39,23.794117647058822
319,09:00 - 09:59,Dam,10,32.0,4668,107,137.2941176470588
320,09:00 - 09:59,De Boelelaan/VU,10,19.0,2129,114,62.61764705882353
321,09:00 - 09:59,De Pijp,25,62.0,16022,560,471.2352941176471
322,09:00 - 09:59,Europaplein,10,174.0,6200,247,182.35294117647058
323,09:00 - 09:59,Gaasperplas,10,103.0,3610,228,106.17647058823529
324,09:00 - 09:59,Gein,138,280.0,8711,330,256.20588235294116
325,09:00 - 09:59,Gerrit v.d. Veenstraat,12,28.0,1477,68,43.44117647058823
326,09:00 - 09:59,Heemstedestraat,13,65.0,6012,288,176.8235294117647
327,09:00 - 09:59,Henk Sneevlietweg,79,199.0,6358,279,187.0
328,09:00 - 09:59,IJsbaanpad,14,14.0,14,14,0.4117647058823529
329,09:00 - 09:59,Isolatorweg,11,21.5,753,50,22.147058823529413
330,09:00 - 09:59,Jan v.Galenstraat,10,28.0,11908,282,350.2352941176471
331,09:00 - 09:59,Keizersgracht,10,16.5,733,30,21.558823529411764
332,09:00 - 09:59,Koningsplein,10,19.0,1259,44,37.029411764705884
333,09:00 - 09:59,Kraaienneststation,10,50.0,10231,287,300.9117647058824
334,09:00 - 09:59,Leidseplein,12,52.0,7070,130,207.94117647058823
335,09:00 - 09:59,Maasstraat,10,13.0,852,24,25.058823529411764
336,09:00 - 09:59,Marie Heinekenplein,10,19.0,1054,42,31.0
337,09:00 - 09:59,Minervaplein,10,12.0,195,20,5.735294117647059
338,09:00 - 09:59,Muntplein,10,12.0,281,23,8.264705882352942
339,09:00 - 09:59,Museumplein,11,49.0,3376,108,99.29411764705883
340,09:00 - 09:59,Nieuwezijds Kolk,13,41.5,2472,82,72.70588235294117
341,09:00 - 09:59,Nieuwmarkt,82,146.0,4758,183,139.94117647058823
342,09:00 - 09:59,Noord,493,1120.0,34240,1439,1007.0588235294117
343,09:00 - 09:59,Noorderpark,10,295.0,10053,439,295.6764705882353
344,09:00 - 09:59,Olympiaplein,10,27.5,2111,109,62.088235294117645
345,09:00 - 09:59,Olympiaweg,10,23.0,1426,49,41.94117647058823
346,09:00 - 09:59,Olympisch stadion,10,26.0,1524,89,44.8235294117647
347,09:00 - 09:59,Overamstel,56,97.0,3154,138,92.76470588235294
348,09:00 - 09:59,Postjesweg,10,37.0,6794,213,199.8235294117647
349,09:00 - 09:59,Prinsengracht,10,17.0,1653,49,48.61764705882353
350,09:00 - 09:59,Reigersbos,188,313.0,10017,384,294.61764705882354
351,09:00 - 09:59,Rijksmuseum,10,36.5,2524,91,74.23529411764706
352,09:00 - 09:59,Roelof Hartplein,10,33.0,3563,112,104.79411764705883
353,09:00 - 09:59,Rokin,10,27.0,5496,683,161.64705882352942
354,09:00 - 09:59,Scheldestraat,10,13.0,528,28,15.529411764705882
355,09:00 - 09:59,Spaklerweg,85,170.0,5422,215,159.47058823529412
356,09:00 - 09:59,Spui,10,19.0,1195,45,35.14705882352941
357,09:00 - 09:59,Station Bijlmer ArenA,10,36.0,26222,1093,771.2352941176471
358,09:00 - 09:59,Station Diemen-Zuid,86,204.0,6376,272,187.52941176470588
359,09:00 - 09:59,Station Duivendrecht,10,18.0,28262,1336,831.2352941176471
360,09:00 - 09:59,Station Ganzenhoef,10,28.0,8775,280,258.0882352941176
361,09:00 - 09:59,Station Holendrecht,10,306.5,11333,486,333.3235294117647
362,09:00 - 09:59,Station Lelylaan,10,114.0,17498,447,514.6470588235294
363,09:00 - 09:59,Station RAI,14,191.5,6435,245,189.26470588235293
364,09:00 - 09:59,Station Sloterdijk,10,107.0,44531,1337,1309.735294117647
365,09:00 - 09:59,Station Zuid,10,57.0,60074,2596,1766.8823529411766
366,09:00 - 09:59,Strandvliet,85,162.0,5193,218,152.73529411764707
367,09:00 - 09:59,VU medisch centrum,10,30.0,1137,54,33.44117647058823
368,09:00 - 09:59,Van Baerlestraat,10,36.0,2777,91,81.67647058823529
369,09:00 - 09:59,Van der Madeweg,56,112.0,3519,143,103.5
370,09:00 - 09:59,Venserpolder,77,133.0,4318,172,127.0
371,09:00 - 09:59,Verrijn Stuartweg,12,36.0,1073,97,31.558823529411764
372,09:00 - 09:59,Victorieplein,10,36.0,4331,81,127.38235294117646
373,09:00 - 09:59,Vijzelgracht,10,36.0,7693,314,226.26470588235293
374,09:00 - 09:59,Waalstraat,10,16.0,1254,37,36.88235294117647
375,09:00 - 09:59,Waterlooplein,10,185.0,7634,295,224.52941176470588
376,09:00 - 09:59,Weesperplein,10,53.0,13740,454,404.11764705882354
377,09:00 - 09:59,Wibautstraat,10,148.5,15549,623,457.3235294117647
378,10:00 - 10:59,Amsteldijk,10,20.0,781,47,22.970588235294116
379,10:00 - 10:59,Amstelstation,10,35.0,41665,1396,1225.4411764705883
380,10:00 - 10:59,Amstelveenseweg,10,49.0,6502,259,191.23529411764707
381,10:00 - 10:59,Beethovenstraat,10,16.0,117,29,3.4411764705882355
382,10:00 - 10:59,Bullewijk,216,310.0,10508,525,309.05882352941177
383,10:00 - 10:59,Burg.de Vlugtlaan,11,49.0,5377,176,158.14705882352942
384,10:00 - 10:59,Centraal Station,10,56.0,118400,2793,3482.3529411764707
385,10:00 - 10:59,Cornelis Troostplein,10,34.0,1917,91,56.38235294117647
386,10:00 - 10:59,Dam,10,39.0,7046,161,207.23529411764707
387,10:00 - 10:59,De Boelelaan/VU,10,27.5,5335,204,156.91176470588235
388,10:00 - 10:59,De Pijp,23,65.0,12613,350,370.97058823529414
389,10:00 - 10:59,Europaplein,12,192.0,7348,303,216.11764705882354
390,10:00 - 10:59,Gaasperplas,10,80.5,3513,337,103.32352941176471
391,10:00 - 10:59,Gein,140,194.0,6163,220,181.26470588235293
392,10:00 - 10:59,Gerrit v.d. Veenstraat,11,34.5,1747,98,51.38235294117647
393,10:00 - 10:59,Heemstedestraat,10,41.0,3971,151,116.79411764705883
394,10:00 - 10:59,Henk Sneevlietweg,100,174.0,5442,224,160.05882352941177
395,10:00 - 10:59,IJsbaanpad,10,13.0,36,13,1.0588235294117647
396,10:00 - 10:59,Isolatorweg,12,26.0,815,41,23.970588235294116
397,10:00 - 10:59,Jan v.Galenstraat,10,26.0,11024,355,324.2352941176471
398,10:00 - 10:59,Keizersgracht,10,17.0,1150,44,33.8235294117647
399,10:00 - 10:59,Koningsplein,11,27.5,1913,55,56.26470588235294
400,10:00 - 10:59,Kraaienneststation,10,46.0,7243,216,213.02941176470588
401,10:00 - 10:59,Leidseplein,12,56.0,8883,198,261.2647058823529
402,10:00 - 10:59,Maasstraat,10,15.0,706,54,20.764705882352942
403,10:00 - 10:59,Marie Heinekenplein,10,24.5,1121,55,32.970588235294116
404,10:00 - 10:59,Minervaplein,10,11.0,168,16,4.9411764705882355
405,10:00 - 10:59,Muntplein,10,15.0,734,49,21.58823529411765
406,10:00 - 10:59,Museumplein,12,60.0,4104,133,120.70588235294117
407,10:00 - 10:59,Nieuwezijds Kolk,10,36.5,2680,103,78.82352941176471
408,10:00 - 10:59,Nieuwmarkt,76,125.0,4160,202,122.3529411764706
409,10:00 - 10:59,Noord,465,837.0,26594,988,782.1764705882352
410,10:00 - 10:59,Noorderpark,10,222.5,7597,301,223.44117647058823
411,10:00 - 10:59,Olympiaplein,10,24.0,1653,69,48.61764705882353
412,10:00 - 10:59,Olympiaweg,10,17.0,1131,41,33.26470588235294
413,10:00 - 10:59,Olympisch stadion,10,33.5,2804,216,82.47058823529412
414,10:00 - 10:59,Overamstel,71,102.0,3669,217,107.91176470588235
415,10:00 - 10:59,Postjesweg,10,31.0,4741,142,139.44117647058823
416,10:00 - 10:59,Prinsengracht,10,19.0,2100,57,61.76470588235294
417,10:00 - 10:59,Reigersbos,155,243.0,7715,296,226.91176470588235
418,10:00 - 10:59,Rijksmuseum,10,39.5,3195,114,93.97058823529412
419,10:00 - 10:59,Roelof Hartplein,12,36.0,3958,140,116.41176470588235
420,10:00 - 10:59,Rokin,12,41.0,6865,350,201.91176470588235
421,10:00 - 10:59,Scheldestraat,10,15.0,541,24,15.911764705882353
422,10:00 - 10:59,Spaklerweg,108,147.0,4931,198,145.02941176470588
423,10:00 - 10:59,Spui,10,23.0,1420,47,41.76470588235294
424,10:00 - 10:59,Station Bijlmer ArenA,10,24.0,23502,873,691.2352941176471
425,10:00 - 10:59,Station Diemen-Zuid,91,174.0,5663,219,166.55882352941177
426,10:00 - 10:59,Station Duivendrecht,10,290.0,10989,466,323.20588235294116
427,10:00 - 10:59,Station Ganzenhoef,10,18.0,6347,221,186.6764705882353
428,10:00 - 10:59,Station Holendrecht,10,219.0,13634,709,401.0
429,10:00 - 10:59,Station Lelylaan,11,101.0,12865,346,378.38235294117646
430,10:00 - 10:59,Station RAI,11,158.0,5515,246,162.2058823529412
431,10:00 - 10:59,Station Sloterdijk,10,77.0,34354,714,1010.4117647058823
432,10:00 - 10:59,Station Zuid,10,34.0,36603,1251,1076.5588235294117
433,10:00 - 10:59,Strandvliet,63,139.0,5509,574,162.02941176470588
434,10:00 - 10:59,VU medisch centrum,10,42.0,1446,64,42.529411764705884
435,10:00 - 10:59,Van Baerlestraat,10,30.5,3434,100,101.0
436,10:00 - 10:59,Van der Madeweg,55,83.0,2717,117,79.91176470588235
437,10:00 - 10:59,Venserpolder,75,109.0,3759,161,110.55882352941177
438,10:00 - 10:59,Verrijn Stuartweg,11,41.0,1235,76,36.3235294117647
439,10:00 - 10:59,Victorieplein,10,28.0,3464,59,101.88235294117646
440,10:00 - 10:59,Vijzelgracht,10,32.0,6754,214,198.64705882352942
441,10:00 - 10:59,Waalstraat,10,15.0,1050,37,30.88235294117647
442,10:00 - 10:59,Waterlooplein,10,37.0,8095,464,238.08823529411765
443,10:00 - 10:59,Weesperplein,10,71.5,18525,735,544.8529411764706
444,10:00 - 10:59,Wibautstraat,10,34.0,11700,371,344.11764705882354
445,11:00 - 11:59,Amsteldijk,10,26.0,851,51,25.029411764705884
446,11:00 - 11:59,Amstelstation,10,21.0,33078,1064,972.8823529411765
447,11:00 - 11:59,Amstelveenseweg,10,52.0,7137,241,209.91176470588235
448,11:00 - 11:59,Beethovenstraat,10,18.0,257,46,7.5588235294117645
449,11:00 - 11:59,Bullewijk,230,283.0,9621,511,282.97058823529414
450,11:00 - 11:59,Burg.de Vlugtlaan,10,35.0,4914,165,144.52941176470588
451,11:00 - 11:59,Centraal Station,11,47.5,98733,1880,2903.9117647058824
452,11:00 - 11:59,Cornelis Troostplein,10,15.0,808,32,23.764705882352942
453,11:00 - 11:59,Dam,11,38.0,11231,233,330.3235294117647
454,11:00 - 11:59,De Boelelaan/VU,10,26.5,5137,201,151.08823529411765
455,11:00 - 11:59,De Pijp,32,69.0,13700,457,402.94117647058823
456,11:00 - 11:59,Europaplein,11,228.5,9051,450,266.20588235294116
457,11:00 - 11:59,Gaasperplas,10,65.0,2850,226,83.82352941176471
458,11:00 - 11:59,Gein,156,183.0,6066,246,178.41176470588235
459,11:00 - 11:59,Gerrit v.d. Veenstraat,12,42.0,2139,105,62.911764705882355
460,11:00 - 11:59,Heemstedestraat,16,49.0,3551,130,104.44117647058823
461,11:00 - 11:59,Henk Sneevlietweg,105,179.0,5875,238,172.7941176470588
462,11:00 - 11:59,IJsbaanpad,10,11.0,76,20,2.235294117647059
463,11:00 - 11:59,Isolatorweg,13,34.0,1166,67,34.294117647058826
464,11:00 - 11:59,Jan v.Galenstraat,10,25.0,10723,257,315.38235294117646
465,11:00 - 11:59,Keizersgracht,10,18.5,1445,43,42.5
466,11:00 - 11:59,Koningsplein,25,44.5,2983,83,87.73529411764706
467,11:00 - 11:59,Kraaienneststation,10,44.0,7212,181,212.11764705882354
468,11:00 - 11:59,Leidseplein,18,64.0,10172,229,299.1764705882353
469,11:00 - 11:59,Maasstraat,10,14.0,692,28,20.352941176470587
470,11:00 - 11:59,Marie Heinekenplein,10,30.0,1817,89,53.44117647058823
471,11:00 - 11:59,Minervaplein,10,13.0,371,28,10.911764705882353
472,11:00 - 11:59,Muntplein,10,17.0,1026,35,30.176470588235293
473,11:00 - 11:59,Museumplein,10,68.0,4743,118,139.5
474,11:00 - 11:59,Nieuwezijds Kolk,10,41.5,2900,109,85.29411764705883
475,11:00 - 11:59,Nieuwmarkt,83,131.0,4356,190,128.11764705882354
476,11:00 - 11:59,Noord,513,698.0,23115,832,679.8529411764706
477,11:00 - 11:59,Noorderpark,10,191.0,6774,287,199.23529411764707
478,11:00 - 11:59,Olympiaplein,10,24.0,1705,68,50.14705882352941
479,11:00 - 11:59,Olympiaweg,10,20.0,1149,58,33.794117647058826
480,11:00 - 11:59,Olympisch stadion,10,54.0,2555,166,75.1470588235294
481,11:00 - 11:59,Overamstel,45,90.0,3445,266,101.32352941176471
482,11:00 - 11:59,Postjesweg,10,34.0,4534,172,133.35294117647058
483,11:00 - 11:59,Prinsengracht,10,19.5,2370,64,69.70588235294117
484,11:00 - 11:59,Reigersbos,180,214.0,7164,274,210.7058823529412
485,11:00 - 11:59,Rijksmuseum,14,54.5,5062,221,148.88235294117646
486,11:00 - 11:59,Roelof Hartplein,13,42.0,4276,132,125.76470588235294
487,11:00 - 11:59,Rokin,12,50.0,9039,283,265.8529411764706
488,11:00 - 11:59,Scheldestraat,10,15.0,546,28,16.058823529411764
489,11:00 - 11:59,Spaklerweg,103,139.0,4554,183,133.94117647058823
490,11:00 - 11:59,Spui,15,32.0,2179,72,64.08823529411765
491,11:00 - 11:59,Station Bijlmer ArenA,10,28.0,25558,1018,751.7058823529412
492,11:00 - 11:59,Station Diemen-Zuid,86,140.0,4515,172,132.7941176470588
493,11:00 - 11:59,Station Duivendrecht,11,260.0,8549,346,251.44117647058823
494,11:00 - 11:59,Station Ganzenhoef,10,17.0,6623,204,194.7941176470588
495,11:00 - 11:59,Station Holendrecht,10,246.0,14028,600,412.5882352941176
496,11:00 - 11:59,Station Lelylaan,10,107.0,10727,233,315.5
497,11:00 - 11:59,Station RAI,10,192.0,6595,275,193.97058823529412
498,11:00 - 11:59,Station Sloterdijk,10,63.0,25392,478,746.8235294117648
499,11:00 - 11:59,Station Zuid,10,37.5,32176,1025,946.3529411764706
500,11:00 - 11:59,Strandvliet,60,124.0,4432,378,130.35294117647058
501,11:00 - 11:59,VU medisch centrum,10,47.0,1991,83,58.55882352941177
502,11:00 - 11:59,Van Baerlestraat,10,30.0,5270,140,155.0
503,11:00 - 11:59,Van der Madeweg,58,88.0,2856,121,84.0
504,11:00 - 11:59,Venserpolder,78,98.0,3389,155,99.67647058823529
505,11:00 - 11:59,Verrijn Stuartweg,14,49.0,1443,84,42.44117647058823
506,11:00 - 11:59,Victorieplein,10,31.0,3552,64,104.47058823529412
507,11:00 - 11:59,Vijzelgracht,10,34.0,7670,222,225.58823529411765
508,11:00 - 11:59,Waalstraat,10,15.5,1121,42,32.970588235294116
509,11:00 - 11:59,Waterlooplein,10,32.0,9930,400,292.05882352941177
510,11:00 - 11:59,Weesperplein,11,109.0,25889,1022,761.4411764705883
511,11:00 - 11:59,Wibautstraat,10,32.0,11639,391,342.3235294117647
512,12:00 - 12:59,Amsteldijk,10,29.0,895,41,26.323529411764707
513,12:00 - 12:59,Amstelstation,10,25.0,44030,1573,1295.0
514,12:00 - 12:59,Amstelveenseweg,10,42.0,9545,344,280.7352941176471
515,12:00 - 12:59,Beethovenstraat,10,14.5,383,57,11.264705882352942
516,12:00 - 12:59,Bullewijk,217,281.0,9485,398,278.97058823529414
517,12:00 - 12:59,Burg.de Vlugtlaan,10,37.0,5096,148,149.88235294117646
518,12:00 - 12:59,Centraal Station,10,46.5,106880,2106,3143.529411764706
519,12:00 - 12:59,Cornelis Troostplein,10,18.0,1833,107,53.911764705882355
520,12:00 - 12:59,Dam,10,54.0,17468,424,513.7647058823529
521,12:00 - 12:59,De Boelelaan/VU,10,49.0,11047,396,324.9117647058824
522,12:00 - 12:59,De Pijp,41,111.0,17257,514,507.55882352941177
523,12:00 - 12:59,Europaplein,13,303.5,10975,492,322.79411764705884
524,12:00 - 12:59,Gaasperplas,10,67.5,2682,182,78.88235294117646
525,12:00 - 12:59,Gein,145,184.0,6220,270,182.94117647058823
526,12:00 - 12:59,Gerrit v.d. Veenstraat,10,40.0,2112,95,62.11764705882353
527,12:00 - 12:59,Heemstedestraat,16,47.0,3885,150,114.26470588235294
528,12:00 - 12:59,Henk Sneevlietweg,103,222.0,7004,311,206.0
529,12:00 - 12:59,IJsbaanpad,10,12.0,271,33,7.970588235294118
530,12:00 - 12:59,Isolatorweg,16,56.0,2022,178,59.470588235294116
531,12:00 - 12:59,Jan v.Galenstraat,10,27.0,12534,291,368.6470588235294
532,12:00 - 12:59,Keizersgracht,10,24.0,2189,64,64.38235294117646
533,12:00 - 12:59,Koningsplein,42,71.0,4898,135,144.05882352941177
534,12:00 - 12:59,Kraaienneststation,10,46.5,7123,207,209.5
535,12:00 - 12:59,Leidseplein,30,85.0,12514,283,368.05882352941177
536,12:00 - 12:59,Maasstraat,10,18.0,1052,31,30.941176470588236
537,12:00 - 12:59,Marie Heinekenplein,10,34.0,2906,123,85.47058823529412
538,12:00 - 12:59,Minervaplein,10,14.0,373,26,10.970588235294118
539,12:00 - 12:59,Muntplein,10,24.5,1704,56,50.11764705882353
540,12:00 - 12:59,Museumplein,10,85.5,6192,192,182.11764705882354
541,12:00 - 12:59,Nieuwezijds Kolk,14,63.0,3850,121,113.23529411764706
542,12:00 - 12:59,Nieuwmarkt,132,193.0,6352,277,186.8235294117647
543,12:00 - 12:59,Noord,470,728.0,23518,865,691.7058823529412
544,12:00 - 12:59,Noorderpark,10,210.0,7711,324,226.7941176470588
545,12:00 - 12:59,Olympiaplein,12,34.5,2290,69,67.3529411764706
546,12:00 - 12:59,Olympiaweg,10,20.5,1405,54,41.3235294117647
547,12:00 - 12:59,Olympisch stadion,10,43.5,2147,109,63.14705882352941
548,12:00 - 12:59,Overamstel,71,97.0,3362,229,98.88235294117646
549,12:00 - 12:59,Postjesweg,10,32.0,5363,180,157.73529411764707
550,12:00 - 12:59,Prinsengracht,10,24.0,2860,92,84.11764705882354
551,12:00 - 12:59,Reigersbos,165,234.0,7838,302,230.52941176470588
552,12:00 - 12:59,Rijksmuseum,18,85.0,7350,284,216.1764705882353
553,12:00 - 12:59,Roelof Hartplein,15,48.0,4910,137,144.41176470588235
554,12:00 - 12:59,Rokin,21,78.0,14381,493,422.97058823529414
555,12:00 - 12:59,Scheldestraat,10,17.0,619,32,18.205882352941178
556,12:00 - 12:59,Spaklerweg,104,158.0,5302,221,155.94117647058823
557,12:00 - 12:59,Spui,17,46.5,3220,93,94.70588235294117
558,12:00 - 12:59,Station Bijlmer ArenA,10,38.0,29438,1066,865.8235294117648
559,12:00 - 12:59,Station Diemen-Zuid,89,145.0,4824,198,141.88235294117646
560,12:00 - 12:59,Station Duivendrecht,10,191.0,7865,336,231.3235294117647
561,12:00 - 12:59,Station Ganzenhoef,10,24.0,7899,225,232.3235294117647
562,12:00 - 12:59,Station Holendrecht,10,220.0,14293,555,420.38235294117646
563,12:00 - 12:59,Station Lelylaan,10,123.0,11734,254,345.11764705882354
564,12:00 - 12:59,Station RAI,10,272.0,9008,389,264.94117647058823
565,12:00 - 12:59,Station Sloterdijk,10,63.0,27459,649,807.6176470588235
566,12:00 - 12:59,Station Zuid,10,39.0,35389,1106,1040.8529411764705
567,12:00 - 12:59,Strandvliet,69,141.0,4466,200,131.35294117647058
568,12:00 - 12:59,VU medisch centrum,10,47.5,2351,86,69.1470588235294
569,12:00 - 12:59,Van Baerlestraat,10,35.0,6495,178,191.02941176470588
570,12:00 - 12:59,Van der Madeweg,61,96.0,3170,123,93.23529411764706
571,12:00 - 12:59,Venserpolder,82,106.0,3437,129,101.08823529411765
572,12:00 - 12:59,Verrijn Stuartweg,23,65.0,2046,143,60.1764705882353
573,12:00 - 12:59,Victorieplein,10,33.0,3815,80,112.20588235294117
574,12:00 - 12:59,Vijzelgracht,10,43.0,10296,331,302.8235294117647
575,12:00 - 12:59,Waalstraat,10,16.0,1206,42,35.470588235294116
576,12:00 - 12:59,Waterlooplein,11,39.0,13674,480,402.1764705882353
577,12:00 - 12:59,Weesperplein,18,130.0,37686,1380,1108.4117647058824
578,12:00 - 12:59,Wibautstraat,10,34.5,12756,419,375.1764705882353
579,13:00 - 13:59,Amsteldijk,11,30.0,993,52,29.205882352941178
580,13:00 - 13:59,Amstelstation,10,21.0,37247,1388,1095.5
581,13:00 - 13:59,Amstelveenseweg,10,38.0,8737,319,256.97058823529414
582,13:00 - 13:59,Beethovenstraat,10,21.0,302,40,8.882352941176471
583,13:00 - 13:59,Bullewijk,208,260.0,8703,392,255.97058823529412
584,13:00 - 13:59,Burg.de Vlugtlaan,10,35.0,5235,128,153.97058823529412
585,13:00 - 13:59,Centraal Station,10,55.0,105826,1842,3112.529411764706
586,13:00 - 13:59,Cornelis Troostplein,10,16.0,1099,82,32.3235294117647
587,13:00 - 13:59,Dam,12,80.0,23810,578,700.2941176470588
588,13:00 - 13:59,De Boelelaan/VU,11,45.0,10319,367,303.5
589,13:00 - 13:59,De Pijp,37,102.0,18810,601,553.2352941176471
590,13:00 - 13:59,Europaplein,11,238.5,9109,528,267.9117647058824
591,13:00 - 13:59,Gaasperplas,11,57.0,2221,127,65.32352941176471
592,13:00 - 13:59,Gein,151,186.0,6081,229,178.85294117647058
593,13:00 - 13:59,Gerrit v.d. Veenstraat,13,42.0,2182,107,64.17647058823529
594,13:00 - 13:59,Heemstedestraat,10,45.0,3540,164,104.11764705882354
595,13:00 - 13:59,Henk Sneevlietweg,79,191.0,6086,275,179.0
596,13:00 - 13:59,IJsbaanpad,10,15.5,395,39,11.617647058823529
597,13:00 - 13:59,Isolatorweg,20,67.0,2024,145,59.529411764705884
598,13:00 - 13:59,Jan v.Galenstraat,10,24.0,12107,322,356.0882352941176
599,13:00 - 13:59,Keizersgracht,10,26.0,2534,70,74.52941176470588
600,13:00 - 13:59,Koningsplein,48,93.0,6554,202,192.76470588235293
601,13:00 - 13:59,Kraaienneststation,10,43.0,7317,204,215.2058823529412
602,13:00 - 13:59,Leidseplein,23,96.0,13745,244,404.2647058823529
603,13:00 - 13:59,Maasstraat,10,15.0,965,33,28.38235294117647
604,13:00 - 13:59,Marie Heinekenplein,11,46.0,3919,191,115.26470588235294
605,13:00 - 13:59,Minervaplein,10,15.5,403,24,11.852941176470589
606,13:00 - 13:59,Muntplein,10,32.0,2087,83,61.38235294117647
607,13:00 - 13:59,Museumplein,10,99.0,6918,174,203.47058823529412
608,13:00 - 13:59,Nieuwezijds Kolk,19,57.0,4502,153,132.41176470588235
609,13:00 - 13:59,Nieuwmarkt,146,223.0,7405,301,217.7941176470588
610,13:00 - 13:59,Noord,436,591.0,19728,801,580.2352941176471
611,13:00 - 13:59,Noorderpark,10,173.5,7198,286,211.7058823529412
612,13:00 - 13:59,Olympiaplein,10,31.5,2338,80,68.76470588235294
613,13:00 - 13:59,Olympiaweg,10,21.0,1453,70,42.73529411764706
614,13:00 - 13:59,Olympisch stadion,10,37.0,1988,84,58.470588235294116
615,13:00 - 13:59,Overamstel,58,77.0,2754,160,81.0
616,13:00 - 13:59,Postjesweg,10,32.0,5528,203,162.58823529411765
617,13:00 - 13:59,Prinsengracht,10,27.0,3303,93,97.1470588235294
618,13:00 - 13:59,Reigersbos,162,258.0,8572,447,252.11764705882354
619,13:00 - 13:59,Rijksmuseum,23,94.0,8708,349,256.11764705882354
620,13:00 - 13:59,Roelof Hartplein,15,52.0,5631,149,165.61764705882354
621,13:00 - 13:59,Rokin,21,109.0,17962,649,528.2941176470588
622,13:00 - 13:59,Scheldestraat,10,15.5,704,38,20.705882352941178
623,13:00 - 13:59,Spaklerweg,112,140.0,4736,222,139.2941176470588
624,13:00 - 13:59,Spui,32,65.0,4430,136,130.2941176470588
625,13:00 - 13:59,Station Bijlmer ArenA,10,45.0,31327,1073,921.3823529411765
626,13:00 - 13:59,Station Diemen-Zuid,80,124.0,4132,191,121.52941176470588
627,13:00 - 13:59,Station Duivendrecht,10,20.5,7701,287,226.5
628,13:00 - 13:59,Station Ganzenhoef,10,17.0,6694,211,196.88235294117646
629,13:00 - 13:59,Station Holendrecht,10,24.5,15573,677,458.02941176470586
630,13:00 - 13:59,Station Lelylaan,10,104.0,11756,283,345.7647058823529
631,13:00 - 13:59,Station RAI,10,235.0,8506,421,250.1764705882353
632,13:00 - 13:59,Station Sloterdijk,10,56.0,22107,431,650.2058823529412
633,13:00 - 13:59,Station Zuid,10,41.0,37010,1311,1088.5294117647059
634,13:00 - 13:59,Strandvliet,86,130.0,4455,333,131.02941176470588
635,13:00 - 13:59,VU medisch centrum,10,55.5,2129,106,62.61764705882353
636,13:00 - 13:59,Van Baerlestraat,10,39.0,7748,262,227.88235294117646
637,13:00 - 13:59,Van der Madeweg,62,104.0,3448,133,101.41176470588235
638,13:00 - 13:59,Venserpolder,64,92.0,3082,131,90.6470588235294
639,13:00 - 13:59,Verrijn Stuartweg,14,89.5,2463,143,72.44117647058823
640,13:00 - 13:59,Victorieplein,10,32.5,3948,76,116.11764705882354
641,13:00 - 13:59,Vijzelgracht,10,56.0,11690,345,343.8235294117647
642,13:00 - 13:59,Waalstraat,10,22.0,2068,94,60.8235294117647
643,13:00 - 13:59,Waterlooplein,11,43.0,15453,505,454.5
644,13:00 - 13:59,Weesperplein,12,177.0,44334,1730,1303.9411764705883
645,13:00 - 13:59,Wibautstraat,10,33.0,12919,461,379.97058823529414
646,14:00 - 14:59,Amsteldijk,10,25.0,1184,53,34.8235294117647
647,14:00 - 14:59,Amstelstation,10,24.0,33504,1132,985.4117647058823
648,14:00 - 14:59,Amstelveenseweg,10,30.0,10277,417,302.2647058823529
649,14:00 - 14:59,Beethovenstraat,10,15.0,363,50,10.676470588235293
650,14:00 - 14:59,Bullewijk,238,292.0,9615,379,282.79411764705884
651,14:00 - 14:59,Burg.de Vlugtlaan,10,39.0,5101,124,150.02941176470588
652,14:00 - 14:59,Centraal Station,12,58.0,115273,2126,3390.3823529411766
653,14:00 - 14:59,Cornelis Troostplein,10,16.0,996,33,29.294117647058822
654,14:00 - 14:59,Dam,12,105.0,30052,773,883.8823529411765
655,14:00 - 14:59,De Boelelaan/VU,10,45.0,10028,343,294.94117647058823
656,14:00 - 14:59,De Pijp,44,110.0,21286,685,626.0588235294117
657,14:00 - 14:59,Europaplein,10,213.0,11181,613,328.8529411764706
658,14:00 - 14:59,Gaasperplas,39,57.0,2033,127,59.794117647058826
659,14:00 - 14:59,Gein,130,167.0,5618,244,165.23529411764707
660,14:00 - 14:59,Gerrit v.d. Veenstraat,14,51.0,2513,100,73.91176470588235
661,14:00 - 14:59,Heemstedestraat,16,46.0,3746,122,110.17647058823529
662,14:00 - 14:59,Henk Sneevlietweg,101,248.0,7699,311,226.44117647058823
663,14:00 - 14:59,IJsbaanpad,10,13.0,290,20,8.529411764705882
664,14:00 - 14:59,Isolatorweg,29,113.0,3457,160,101.67647058823529
665,14:00 - 14:59,Jan v.Galenstraat,10,27.0,15550,416,457.3529411764706
666,14:00 - 14:59,Keizersgracht,10,29.5,3189,91,93.79411764705883
667,14:00 - 14:59,Koningsplein,51,115.0,7973,220,234.5
668,14:00 - 14:59,Kraaienneststation,10,42.5,8155,202,239.85294117647058
669,14:00 - 14:59,Leidseplein,41,116.0,16560,310,487.05882352941177
670,14:00 - 14:59,Maasstraat,10,16.0,1013,32,29.794117647058822
671,14:00 - 14:59,Marie Heinekenplein,11,50.0,4176,204,122.82352941176471
672,14:00 - 14:59,Minervaplein,10,14.0,323,24,9.5
673,14:00 - 14:59,Muntplein,12,37.0,2619,82,77.02941176470588
674,14:00 - 14:59,Museumplein,10,116.0,8252,174,242.7058823529412
675,14:00 - 14:59,Nieuwezijds Kolk,21,82.5,5108,216,150.23529411764707
676,14:00 - 14:59,Nieuwmarkt,181,249.0,8459,400,248.7941176470588
677,14:00 - 14:59,Noord,411,599.0,19348,785,569.0588235294117
678,14:00 - 14:59,Noorderpark,10,31.0,8294,296,243.94117647058823
679,14:00 - 14:59,Olympiaplein,12,30.5,2223,77,65.38235294117646
680,14:00 - 14:59,Olympiaweg,10,21.0,1452,43,42.705882352941174
681,14:00 - 14:59,Olympisch stadion,10,35.5,1712,73,50.35294117647059
682,14:00 - 14:59,Overamstel,46,85.0,2976,173,87.52941176470588
683,14:00 - 14:59,Postjesweg,10,40.0,6136,240,180.47058823529412
684,14:00 - 14:59,Prinsengracht,10,32.0,4124,118,121.29411764705883
685,14:00 - 14:59,Reigersbos,157,259.0,8151,332,239.73529411764707
686,14:00 - 14:59,Rijksmuseum,27,112.0,9887,459,290.79411764705884
687,14:00 - 14:59,Roelof Hartplein,18,56.0,6340,192,186.47058823529412
688,14:00 - 14:59,Rokin,24,121.5,23323,845,685.9705882352941
689,14:00 - 14:59,Scheldestraat,10,15.0,718,35,21.11764705882353
690,14:00 - 14:59,Spaklerweg,109,149.0,4964,200,146.0
691,14:00 - 14:59,Spui,27,79.5,5433,162,159.7941176470588
692,14:00 - 14:59,Station Bijlmer ArenA,10,51.5,34891,1114,1026.2058823529412
693,14:00 - 14:59,Station Diemen-Zuid,80,134.0,4279,160,125.8529411764706
694,14:00 - 14:59,Station Duivendrecht,10,21.0,7342,283,215.94117647058823
695,14:00 - 14:59,Station Ganzenhoef,10,18.0,7487,213,220.2058823529412
696,14:00 - 14:59,Station Holendrecht,10,29.5,17352,736,510.3529411764706
697,14:00 - 14:59,Station Lelylaan,10,120.0,12883,272,378.9117647058824
698,14:00 - 14:59,Station RAI,17,360.0,12447,621,366.0882352941176
699,14:00 - 14:59,Station Sloterdijk,10,57.0,23969,476,704.9705882352941
700,14:00 - 14:59,Station Zuid,10,46.0,40298,1520,1185.235294117647
701,14:00 - 14:59,Strandvliet,74,154.0,4870,216,143.23529411764707
702,14:00 - 14:59,VU medisch centrum,10,66.0,2816,105,82.82352941176471
703,14:00 - 14:59,Van Baerlestraat,12,51.5,9081,242,267.0882352941176
704,14:00 - 14:59,Van der Madeweg,79,111.0,3602,147,105.94117647058823
705,14:00 - 14:59,Venserpolder,68,104.0,3346,141,98.41176470588235
706,14:00 - 14:59,Verrijn Stuartweg,18,95.5,3041,189,89.44117647058823
707,14:00 - 14:59,Victorieplein,10,35.0,4264,86,125.41176470588235
708,14:00 - 14:59,Vijzelgracht,10,60.5,13655,407,401.61764705882354
709,14:00 - 14:59,Waalstraat,10,26.0,2310,76,67.94117647058823
710,14:00 - 14:59,Waterlooplein,10,45.0,18023,675,530.0882352941177
711,14:00 - 14:59,Weesperplein,20,180.0,51012,2019,1500.3529411764705
712,14:00 - 14:59,Wibautstraat,11,35.0,13268,426,390.2352941176471
713,15:00 - 15:59,Amsteldijk,10,20.0,1191,51,35.029411764705884
714,15:00 - 15:59,Amstelstation,10,25.0,35027,1178,1030.2058823529412
715,15:00 - 15:59,Amstelveenseweg,10,32.5,15076,609,443.4117647058824
716,15:00 - 15:59,Beethovenstraat,10,59.5,557,118,16.38235294117647
717,15:00 - 15:59,Bullewijk,262,393.0,12732,481,374.47058823529414
718,15:00 - 15:59,Burg.de Vlugtlaan,11,42.0,5854,153,172.1764705882353
719,15:00 - 15:59,Centraal Station,12,68.5,118648,2778,3489.6470588235293
720,15:00 - 15:59,Cornelis Troostplein,10,19.0,1252,53,36.8235294117647
721,15:00 - 15:59,Dam,19,132.0,35197,1023,1035.2058823529412
722,15:00 - 15:59,De Boelelaan/VU,10,84.0,19534,729,574.5294117647059
723,15:00 - 15:59,De Pijp,40,135.0,25552,740,751.5294117647059
724,15:00 - 15:59,Europaplein,10,242.0,12879,807,378.79411764705884
725,15:00 - 15:59,Gaasperplas,10,54.0,1950,104,57.35294117647059
726,15:00 - 15:59,Gein,137,169.0,5603,226,164.7941176470588
727,15:00 - 15:59,Gerrit v.d. Veenstraat,15,86.0,3811,152,112.08823529411765
728,15:00 - 15:59,Heemstedestraat,10,35.0,4347,167,127.8529411764706
729,15:00 - 15:59,Henk Sneevlietweg,158,336.0,10224,406,300.70588235294116
730,15:00 - 15:59,IJsbaanpad,10,18.0,911,36,26.794117647058822
731,15:00 - 15:59,Isolatorweg,51,232.0,6718,329,197.58823529411765
732,15:00 - 15:59,Jan v.Galenstraat,10,30.5,18917,558,556.3823529411765
733,15:00 - 15:59,Keizersgracht,10,31.0,3597,96,105.79411764705883
734,15:00 - 15:59,Koningsplein,68,128.5,9026,263,265.47058823529414
735,15:00 - 15:59,Kraaienneststation,10,43.0,7253,207,213.3235294117647
736,15:00 - 15:59,Leidseplein,53,155.0,21232,352,624.4705882352941
737,15:00 - 15:59,Maasstraat,10,15.0,1364,34,40.11764705882353
738,15:00 - 15:59,Marie Heinekenplein,12,42.0,4493,195,132.14705882352942
739,15:00 - 15:59,Minervaplein,10,14.0,340,25,10.0
740,15:00 - 15:59,Muntplein,14,45.0,3032,87,89.17647058823529
741,15:00 - 15:59,Museumplein,10,134.0,9704,255,285.4117647058824
742,15:00 - 15:59,Nieuwezijds Kolk,24,74.0,5819,230,171.14705882352942
743,15:00 - 15:59,Nieuwmarkt,192,302.0,10218,501,300.52941176470586
744,15:00 - 15:59,Noord,305,501.0,16524,695,486.0
745,15:00 - 15:59,Noorderpark,10,41.0,9546,303,280.7647058823529
746,15:00 - 15:59,Olympiaplein,10,37.0,2536,83,74.58823529411765
747,15:00 - 15:59,Olympiaweg,10,24.0,1540,48,45.294117647058826
748,15:00 - 15:59,Olympisch stadion,10,25.5,1691,79,49.73529411764706
749,15:00 - 15:59,Overamstel,107,137.0,4665,213,137.2058823529412
750,15:00 - 15:59,Postjesweg,14,35.0,7508,285,220.8235294117647
751,15:00 - 15:59,Prinsengracht,10,39.5,4703,116,138.3235294117647
752,15:00 - 15:59,Reigersbos,161,269.0,8566,347,251.94117647058823
753,15:00 - 15:59,Rijksmuseum,26,125.0,11078,453,325.8235294117647
754,15:00 - 15:59,Roelof Hartplein,13,63.0,7833,254,230.38235294117646
755,15:00 - 15:59,Rokin,52,149.0,28395,1182,835.1470588235294
756,15:00 - 15:59,Scheldestraat,10,14.0,675,48,19.852941176470587
757,15:00 - 15:59,Spaklerweg,134,204.0,6792,262,199.76470588235293
758,15:00 - 15:59,Spui,48,86.0,6156,198,181.05882352941177
759,15:00 - 15:59,Station Bijlmer ArenA,10,67.5,43540,1260,1280.5882352941176
760,15:00 - 15:59,Station Diemen-Zuid,76,131.0,4301,166,126.5
761,15:00 - 15:59,Station Duivendrecht,10,22.5,6794,252,199.8235294117647
762,15:00 - 15:59,Station Ganzenhoef,10,17.0,7220,234,212.35294117647058
763,15:00 - 15:59,Station Holendrecht,10,32.0,24173,1002,710.9705882352941
764,15:00 - 15:59,Station Lelylaan,10,125.0,14864,300,437.1764705882353
765,15:00 - 15:59,Station RAI,11,372.0,13375,689,393.38235294117646
766,15:00 - 15:59,Station Sloterdijk,10,62.5,26152,496,769.1764705882352
767,15:00 - 15:59,Station Zuid,10,51.0,48798,1737,1435.235294117647
768,15:00 - 15:59,Strandvliet,61,143.0,4534,236,133.35294117647058
769,15:00 - 15:59,VU medisch centrum,10,74.0,4059,157,119.38235294117646
770,15:00 - 15:59,Van Baerlestraat,10,56.5,11019,270,324.0882352941176
771,15:00 - 15:59,Van der Madeweg,96,146.0,4882,183,143.58823529411765
772,15:00 - 15:59,Venserpolder,67,104.0,3407,130,100.20588235294117
773,15:00 - 15:59,Verrijn Stuartweg,35,121.0,3684,244,108.3529411764706
774,15:00 - 15:59,Victorieplein,11,34.0,4275,107,125.73529411764706
775,15:00 - 15:59,Vijzelgracht,11,67.0,17313,564,509.20588235294116
776,15:00 - 15:59,Waalstraat,10,27.0,2285,72,67.20588235294117
777,15:00 - 15:59,Waterlooplein,10,54.0,24231,854,712.6764705882352
778,15:00 - 15:59,Weesperplein,23,213.0,62616,2414,1841.6470588235295
779,15:00 - 15:59,Wibautstraat,10,39.5,15066,502,443.11764705882354
780,16:00 - 16:59,Amsteldijk,10,17.5,887,40,26.08823529411765
781,16:00 - 16:59,Amstelstation,10,26.0,40831,1389,1200.9117647058824
782,16:00 - 16:59,Amstelveenseweg,10,28.0,22928,960,674.3529411764706
783,16:00 - 16:59,Beethovenstraat,10,17.0,568,75,16.705882352941178
784,16:00 - 16:59,Bullewijk,490,770.0,24787,906,729.0294117647059
785,16:00 - 16:59,Burg.de Vlugtlaan,10,40.0,6350,197,186.76470588235293
786,16:00 - 16:59,Centraal Station,11,95.0,133949,3387,3939.676470588235
787,16:00 - 16:59,Cornelis Troostplein,10,18.5,1327,40,39.029411764705884
788,16:00 - 16:59,Dam,28,150.0,38558,1116,1134.0588235294117
789,16:00 - 16:59,De Boelelaan/VU,12,74.5,18068,579,531.4117647058823
790,16:00 - 16:59,De Pijp,45,103.0,22699,747,667.6176470588235
791,16:00 - 16:59,Europaplein,10,272.0,12718,944,374.05882352941177
792,16:00 - 16:59,Gaasperplas,10,63.0,2192,95,64.47058823529412
793,16:00 - 16:59,Gein,111,159.0,5185,213,152.5
794,16:00 - 16:59,Gerrit v.d. Veenstraat,13,71.5,3217,121,94.61764705882354
795,16:00 - 16:59,Heemstedestraat,15,76.5,6720,260,197.64705882352942
796,16:00 - 16:59,Henk Sneevlietweg,200,490.0,15229,629,447.9117647058824
797,16:00 - 16:59,IJsbaanpad,10,19.0,713,39,20.970588235294116
798,16:00 - 16:59,Isolatorweg,85,265.0,8087,332,237.85294117647058
799,16:00 - 16:59,Jan v.Galenstraat,10,31.0,20911,601,615.0294117647059
800,16:00 - 16:59,Keizersgracht,10,36.0,4720,118,138.8235294117647
801,16:00 - 16:59,Koningsplein,117,184.5,11947,317,351.38235294117646
802,16:00 - 16:59,Kraaienneststation,10,45.0,7435,178,218.6764705882353
803,16:00 - 16:59,Leidseplein,81,179.0,25840,505,760.0
804,16:00 - 16:59,Maasstraat,10,14.0,954,23,28.058823529411764
805,16:00 - 16:59,Marie Heinekenplein,15,66.5,4529,181,133.2058823529412
806,16:00 - 16:59,Minervaplein,10,13.5,365,21,10.735294117647058
807,16:00 - 16:59,Muntplein,21,49.5,3428,104,100.82352941176471
808,16:00 - 16:59,Museumplein,10,147.0,10771,320,316.79411764705884
809,16:00 - 16:59,Nieuwezijds Kolk,30,82.0,6056,265,178.11764705882354
810,16:00 - 16:59,Nieuwmarkt,264,366.0,12346,619,363.11764705882354
811,16:00 - 16:59,Noord,303,581.0,18176,689,534.5882352941177
812,16:00 - 16:59,Noorderpark,10,106.0,9681,384,284.7352941176471
813,16:00 - 16:59,Olympiaplein,10,30.0,2064,63,60.705882352941174
814,16:00 - 16:59,Olympiaweg,10,24.0,1560,46,45.88235294117647
815,16:00 - 16:59,Olympisch stadion,10,25.0,1726,77,50.76470588235294
816,16:00 - 16:59,Overamstel,167,226.0,7323,286,215.38235294117646
817,16:00 - 16:59,Postjesweg,11,42.0,7282,231,214.1764705882353
818,16:00 - 16:59,Prinsengracht,10,39.0,5681,154,167.08823529411765
819,16:00 - 16:59,Reigersbos,178,275.0,8961,365,263.55882352941177
820,16:00 - 16:59,Rijksmuseum,39,150.5,12895,506,379.2647058823529
821,16:00 - 16:59,Roelof Hartplein,18,61.0,6805,165,200.14705882352942
822,16:00 - 16:59,Rokin,51,154.0,36463,1383,1072.4411764705883
823,16:00 - 16:59,Scheldestraat,10,13.0,450,25,13.235294117647058
824,16:00 - 16:59,Spaklerweg,213,316.0,10044,375,295.4117647058824
825,16:00 - 16:59,Spui,62,98.0,6876,181,202.23529411764707
826,16:00 - 16:59,Station Bijlmer ArenA,10,93.5,60497,1793,1779.3235294117646
827,16:00 - 16:59,Station Diemen-Zuid,65,153.0,4833,203,142.14705882352942
828,16:00 - 16:59,Station Duivendrecht,10,18.0,7324,254,215.41176470588235
829,16:00 - 16:59,Station Ganzenhoef,10,17.0,7731,262,227.38235294117646
830,16:00 - 16:59,Station Holendrecht,10,38.0,36448,1370,1072.0
831,16:00 - 16:59,Station Lelylaan,10,153.0,18413,419,541.5588235294117
832,16:00 - 16:59,Station RAI,12,441.0,14617,699,429.9117647058824
833,16:00 - 16:59,Station Sloterdijk,10,81.0,34771,653,1022.6764705882352
834,16:00 - 16:59,Station Zuid,10,59.0,60876,2067,1790.4705882352941
835,16:00 - 16:59,Strandvliet,88,166.0,5440,284,160.0
836,16:00 - 16:59,VU medisch centrum,10,47.5,5386,212,158.41176470588235
837,16:00 - 16:59,Van Baerlestraat,14,62.0,11766,365,346.05882352941177
838,16:00 - 16:59,Van der Madeweg,148,220.0,7306,297,214.88235294117646
839,16:00 - 16:59,Venserpolder,128,164.0,5402,208,158.88235294117646
840,16:00 - 16:59,Verrijn Stuartweg,32,129.5,3694,180,108.6470588235294
841,16:00 - 16:59,Victorieplein,10,35.0,3898,96,114.6470588235294
842,16:00 - 16:59,Vijzelgracht,10,81.0,23420,586,688.8235294117648
843,16:00 - 16:59,Waalstraat,10,16.0,1300,38,38.23529411764706
844,16:00 - 16:59,Waterlooplein,14,65.0,37061,1203,1090.0294117647059
845,16:00 - 16:59,Weesperplein,14,254.0,85416,3408,2512.235294117647
846,16:00 - 16:59,Wibautstraat,11,38.5,18560,653,545.8823529411765
847,17:00 - 17:59,Amsteldijk,10,24.5,1479,70,43.5
848,17:00 - 17:59,Amstelstation,10,37.0,59728,1983,1756.7058823529412
849,17:00 - 17:59,Amstelveenseweg,10,28.0,30055,1132,883.9705882352941
850,17:00 - 17:59,Beethovenstraat,10,38.5,273,50,8.029411764705882
851,17:00 - 17:59,Bullewijk,360,1307.0,41654,1524,1225.1176470588234
852,17:00 - 17:59,Burg.de Vlugtlaan,12,34.5,5768,151,169.64705882352942
853,17:00 - 17:59,Centraal Station,21,125.0,173904,3557,5114.823529411765
854,17:00 - 17:59,Cornelis Troostplein,11,19.0,1226,34,36.05882352941177
855,17:00 - 17:59,Dam,10,172.0,43579,1149,1281.735294117647
856,17:00 - 17:59,De Boelelaan/VU,12,104.5,25221,924,741.7941176470588
857,17:00 - 17:59,De Pijp,32,99.0,22985,604,676.0294117647059
858,17:00 - 17:59,Europaplein,10,207.5,15459,1434,454.6764705882353
859,17:00 - 17:59,Gaasperplas,26,59.0,2007,98,59.029411764705884
860,17:00 - 17:59,Gein,86,136.0,4510,183,132.64705882352942
861,17:00 - 17:59,Gerrit v.d. Veenstraat,16,50.0,2448,82,72.0
862,17:00 - 17:59,Heemstedestraat,10,39.0,9940,346,292.3529411764706
863,17:00 - 17:59,Henk Sneevlietweg,142,845.0,26139,1044,768.7941176470588
864,17:00 - 17:59,IJsbaanpad,10,25.0,794,47,23.352941176470587
865,17:00 - 17:59,Isolatorweg,72,386.0,11632,470,342.11764705882354
866,17:00 - 17:59,Jan v.Galenstraat,10,25.0,16385,438,481.9117647058824
867,17:00 - 17:59,Keizersgracht,10,37.5,7028,172,206.7058823529412
868,17:00 - 17:59,Koningsplein,164,229.5,15101,324,444.1470588235294
869,17:00 - 17:59,Kraaienneststation,10,37.0,6742,175,198.2941176470588
870,17:00 - 17:59,Leidseplein,94,231.0,31113,435,915.0882352941177
871,17:00 - 17:59,Maasstraat,10,15.0,1108,36,32.588235294117645
872,17:00 - 17:59,Marie Heinekenplein,11,46.5,3942,159,115.94117647058823
873,17:00 - 17:59,Minervaplein,10,14.0,342,24,10.058823529411764
874,17:00 - 17:59,Muntplein,40,72.0,4779,111,140.55882352941177
875,17:00 - 17:59,Museumplein,13,173.0,11684,254,343.6470588235294
876,17:00 - 17:59,Nieuwezijds Kolk,43,115.5,7423,226,218.3235294117647
877,17:00 - 17:59,Nieuwmarkt,331,445.0,14740,641,433.52941176470586
878,17:00 - 17:59,Noord,347,531.0,17061,719,501.79411764705884
879,17:00 - 17:59,Noorderpark,10,270.5,14003,574,411.8529411764706
880,17:00 - 17:59,Olympiaplein,10,31.0,2303,87,67.73529411764706
881,17:00 - 17:59,Olympiaweg,10,26.0,1693,49,49.794117647058826
882,17:00 - 17:59,Olympisch stadion,10,29.0,2037,70,59.911764705882355
883,17:00 - 17:59,Overamstel,75,563.0,17334,706,509.8235294117647
884,17:00 - 17:59,Postjesweg,10,39.0,5822,175,171.23529411764707
885,17:00 - 17:59,Prinsengracht,10,43.0,6485,165,190.73529411764707
886,17:00 - 17:59,Reigersbos,152,205.0,6708,255,197.2941176470588
887,17:00 - 17:59,Rijksmuseum,67,163.5,13112,567,385.6470588235294
888,17:00 - 17:59,Roelof Hartplein,14,58.0,5631,127,165.61764705882354
889,17:00 - 17:59,Rokin,78,177.0,50060,1453,1472.3529411764705
890,17:00 - 17:59,Scheldestraat,10,12.0,489,24,14.382352941176471
891,17:00 - 17:59,Spaklerweg,149,363.0,11511,441,338.55882352941177
892,17:00 - 17:59,Spui,85,123.5,8297,192,244.02941176470588
893,17:00 - 17:59,Station Bijlmer ArenA,17,124.5,108090,3381,3179.1176470588234
894,17:00 - 17:59,Station Diemen-Zuid,85,171.0,5365,241,157.7941176470588
895,17:00 - 17:59,Station Duivendrecht,10,23.0,10876,358,319.88235294117646
896,17:00 - 17:59,Station Ganzenhoef,10,16.0,6522,222,191.8235294117647
897,17:00 - 17:59,Station Holendrecht,10,34.5,40023,1606,1177.1470588235295
898,17:00 - 17:59,Station Lelylaan,10,185.0,22420,447,659.4117647058823
899,17:00 - 17:59,Station RAI,12,597.0,20085,1012,590.7352941176471
900,17:00 - 17:59,Station Sloterdijk,12,102.0,48700,948,1432.3529411764705
901,17:00 - 17:59,Station Zuid,10,101.0,113108,3861,3326.705882352941
902,17:00 - 17:59,Strandvliet,96,191.0,5939,237,174.6764705882353
903,17:00 - 17:59,VU medisch centrum,10,68.0,4498,208,132.2941176470588
904,17:00 - 17:59,Van Baerlestraat,14,69.5,12628,372,371.4117647058824
905,17:00 - 17:59,Van der Madeweg,101,472.0,14589,563,429.0882352941176
906,17:00 - 17:59,Venserpolder,86,294.0,9344,384,274.8235294117647
907,17:00 - 17:59,Verrijn Stuartweg,26,108.0,3238,178,95.23529411764706
908,17:00 - 17:59,Victorieplein,10,35.0,3934,65,115.70588235294117
909,17:00 - 17:59,Vijzelgracht,10,129.0,43046,1253,1266.0588235294117
910,17:00 - 17:59,Waalstraat,10,15.5,1146,36,33.705882352941174
911,17:00 - 17:59,Waterlooplein,13,51.0,52225,1765,1536.0294117647059
912,17:00 - 17:59,Weesperplein,29,294.0,91665,3390,2696.029411764706
913,17:00 - 17:59,Wibautstraat,10,38.0,18311,620,538.5588235294117
914,18:00 - 18:59,Amsteldijk,10,32.0,1276,63,37.529411764705884
915,18:00 - 18:59,Amstelstation,10,35.0,45133,1401,1327.4411764705883
916,18:00 - 18:59,Amstelveenseweg,10,25.0,15209,593,447.3235294117647
917,18:00 - 18:59,Beethovenstraat,12,31.0,240,46,7.0588235294117645
918,18:00 - 18:59,Bullewijk,193,597.0,19240,730,565.8823529411765
919,18:00 - 18:59,Burg.de Vlugtlaan,10,31.0,4088,99,120.23529411764706
920,18:00 - 18:59,Centraal Station,19,137.0,165444,3116,4866.0
921,18:00 - 18:59,Cornelis Troostplein,10,17.0,1030,34,30.294117647058822
922,18:00 - 18:59,Dam,15,161.5,38322,1008,1127.1176470588234
923,18:00 - 18:59,De Boelelaan/VU,11,45.0,10063,366,295.97058823529414
924,18:00 - 18:59,De Pijp,37,78.0,18607,512,547.2647058823529
925,18:00 - 18:59,Europaplein,12,246.0,12784,2713,376.0
926,18:00 - 18:59,Gaasperplas,10,38.5,1448,95,42.588235294117645
927,18:00 - 18:59,Gein,69,105.0,3518,143,103.47058823529412
928,18:00 - 18:59,Gerrit v.d. Veenstraat,12,45.0,2133,67,62.73529411764706
929,18:00 - 18:59,Heemstedestraat,11,44.5,4249,145,124.97058823529412
930,18:00 - 18:59,Henk Sneevlietweg,88,403.0,12487,577,367.2647058823529
931,18:00 - 18:59,IJsbaanpad,12,18.0,511,30,15.029411764705882
932,18:00 - 18:59,Isolatorweg,19,124.0,3961,166,116.5
933,18:00 - 18:59,Jan v.Galenstraat,10,19.0,7692,160,226.23529411764707
934,18:00 - 18:59,Keizersgracht,10,38.5,4624,106,136.0
935,18:00 - 18:59,Koningsplein,87,175.0,11798,293,347.0
936,18:00 - 18:59,Kraaienneststation,10,31.0,5292,137,155.64705882352942
937,18:00 - 18:59,Leidseplein,96,207.0,27512,387,809.1764705882352
938,18:00 - 18:59,Maasstraat,10,13.0,806,23,23.705882352941178
939,18:00 - 18:59,Marie Heinekenplein,12,34.0,3087,137,90.79411764705883
940,18:00 - 18:59,Minervaplein,10,13.0,144,17,4.235294117647059
941,18:00 - 18:59,Muntplein,18,58.0,3824,115,112.47058823529412
942,18:00 - 18:59,Museumplein,10,113.0,7985,222,234.85294117647058
943,18:00 - 18:59,Nieuwezijds Kolk,37,89.5,6737,239,198.14705882352942
944,18:00 - 18:59,Nieuwmarkt,254,371.0,12368,597,363.7647058823529
945,18:00 - 18:59,Noord,284,376.0,12383,444,364.20588235294116
946,18:00 - 18:59,Noorderpark,10,225.5,9930,392,292.05882352941177
947,18:00 - 18:59,Olympiaplein,10,25.0,1659,51,48.794117647058826
948,18:00 - 18:59,Olympiaweg,10,20.0,1238,34,36.411764705882355
949,18:00 - 18:59,Olympisch stadion,10,31.0,1411,63,41.5
950,18:00 - 18:59,Overamstel,75,275.0,8404,355,247.1764705882353
951,18:00 - 18:59,Postjesweg,10,26.0,3263,84,95.97058823529412
952,18:00 - 18:59,Prinsengracht,10,46.0,5597,139,164.61764705882354
953,18:00 - 18:59,Reigersbos,76,138.0,4552,198,133.88235294117646
954,18:00 - 18:59,Rijksmuseum,47,97.5,8347,331,245.5
955,18:00 - 18:59,Roelof Hartplein,12,49.0,4641,126,136.5
956,18:00 - 18:59,Rokin,62,146.0,39227,1157,1153.735294117647
957,18:00 - 18:59,Scheldestraat,10,12.0,478,95,14.058823529411764
958,18:00 - 18:59,Spaklerweg,124,198.0,6528,239,192.0
959,18:00 - 18:59,Spui,56,91.5,6353,175,186.85294117647058
960,18:00 - 18:59,Station Bijlmer ArenA,12,87.5,65490,1990,1926.1764705882354
961,18:00 - 18:59,Station Diemen-Zuid,80,130.0,4147,167,121.97058823529412
962,18:00 - 18:59,Station Duivendrecht,10,26.0,9382,380,275.94117647058823
963,18:00 - 18:59,Station Ganzenhoef,10,15.0,4585,157,134.85294117647058
964,18:00 - 18:59,Station Holendrecht,11,183.5,17140,672,504.11764705882354
965,18:00 - 18:59,Station Lelylaan,10,165.0,17678,306,519.9411764705883
966,18:00 - 18:59,Station RAI,10,317.5,12806,1341,376.6470588235294
967,18:00 - 18:59,Station Sloterdijk,10,76.5,33917,599,997.5588235294117
968,18:00 - 18:59,Station Zuid,10,92.0,87886,2868,2584.8823529411766
969,18:00 - 18:59,Strandvliet,70,116.0,3793,163,111.55882352941177
970,18:00 - 18:59,VU medisch centrum,10,45.0,1592,83,46.8235294117647
971,18:00 - 18:59,Van Baerlestraat,10,57.5,9683,259,284.79411764705884
972,18:00 - 18:59,Van der Madeweg,48,182.0,5876,255,172.8235294117647
973,18:00 - 18:59,Venserpolder,83,152.0,4961,195,145.91176470588235
974,18:00 - 18:59,Verrijn Stuartweg,15,41.0,1245,65,36.61764705882353
975,18:00 - 18:59,Victorieplein,10,31.0,3578,61,105.23529411764706
976,18:00 - 18:59,Vijzelgracht,11,100.0,27016,713,794.5882352941177
977,18:00 - 18:59,Waalstraat,10,12.5,715,23,21.029411764705884
978,18:00 - 18:59,Waterlooplein,10,32.0,28247,1021,830.7941176470588
979,18:00 - 18:59,Weesperplein,17,171.0,44801,1775,1317.6764705882354
980,18:00 - 18:59,Wibautstraat,10,28.0,13360,505,392.94117647058823
981,19:00 - 19:59,Amsteldijk,10,19.0,688,32,20.235294117647058
982,19:00 - 19:59,Amstelstation,10,23.0,21928,832,644.9411764705883
983,19:00 - 19:59,Amstelveenseweg,10,28.0,7759,351,228.2058823529412
984,19:00 - 19:59,Beethovenstraat,10,12.0,75,15,2.2058823529411766
985,19:00 - 19:59,Bullewijk,168,251.0,8872,681,260.94117647058823
986,19:00 - 19:59,Burg.de Vlugtlaan,10,25.0,2758,75,81.11764705882354
987,19:00 - 19:59,Centraal Station,11,94.0,113987,2349,3352.5588235294117
988,19:00 - 19:59,Cornelis Troostplein,10,13.0,525,30,15.441176470588236
989,19:00 - 19:59,Dam,13,116.0,28978,566,852.2941176470588
990,19:00 - 19:59,De Boelelaan/VU,11,34.0,7352,240,216.23529411764707
991,19:00 - 19:59,De Pijp,14,52.0,12163,427,357.7352941176471
992,19:00 - 19:59,Europaplein,10,153.0,7049,755,207.3235294117647
993,19:00 - 19:59,Gaasperplas,10,30.0,1322,193,38.88235294117647
994,19:00 - 19:59,Gein,56,83.0,2814,167,82.76470588235294
995,19:00 - 19:59,Gerrit v.d. Veenstraat,11,29.0,1318,60,38.76470588235294
996,19:00 - 19:59,Heemstedestraat,10,40.0,2055,93,60.44117647058823
997,19:00 - 19:59,Henk Sneevlietweg,64,148.0,4751,215,139.73529411764707
998,19:00 - 19:59,IJsbaanpad,10,11.0,149,30,4.382352941176471
999,19:00 - 19:59,Isolatorweg,13,34.0,1116,58,32.8235294117647
1000,19:00 - 19:59,Jan v.Galenstraat,10,16.0,4785,114,140.73529411764707
1001,19:00 - 19:59,Keizersgracht,10,27.0,2312,78,68.0
1002,19:00 - 19:59,Koningsplein,50,109.5,7366,233,216.64705882352942
1003,19:00 - 19:59,Kraaienneststation,10,28.5,3515,206,103.38235294117646
1004,19:00 - 19:59,Leidseplein,69,137.0,19812,318,582.7058823529412
1005,19:00 - 19:59,Maasstraat,10,12.0,304,19,8.941176470588236
1006,19:00 - 19:59,Marie Heinekenplein,10,37.0,2184,119,64.23529411764706
1007,19:00 - 19:59,Minervaplein,10,11.0,36,15,1.0588235294117647
1008,19:00 - 19:59,Muntplein,13,30.0,2029,56,59.6764705882353
1009,19:00 - 19:59,Museumplein,10,59.5,4016,144,118.11764705882354
1010,19:00 - 19:59,Nieuwezijds Kolk,17,68.0,4839,169,142.3235294117647
1011,19:00 - 19:59,Nieuwmarkt,210,280.0,9500,424,279.4117647058824
1012,19:00 - 19:59,Noord,177,238.0,8190,619,240.88235294117646
1013,19:00 - 19:59,Noorderpark,10,125.0,4885,284,143.6764705882353
1014,19:00 - 19:59,Olympiaplein,10,20.0,1278,44,37.588235294117645
1015,19:00 - 19:59,Olympiaweg,10,15.0,894,31,26.294117647058822
1016,19:00 - 19:59,Olympisch stadion,10,28.5,1042,49,30.647058823529413
1017,19:00 - 19:59,Overamstel,59,103.0,3618,259,106.41176470588235
1018,19:00 - 19:59,Postjesweg,10,21.0,2283,71,67.1470588235294
1019,19:00 - 19:59,Prinsengracht,10,36.0,4046,117,119.0
1020,19:00 - 19:59,Reigersbos,67,96.0,3312,189,97.41176470588235
1021,19:00 - 19:59,Rijksmuseum,13,49.0,3898,244,114.6470588235294
1022,19:00 - 19:59,Roelof Hartplein,10,31.0,2980,69,87.6470588235294
1023,19:00 - 19:59,Rokin,23,93.0,22105,635,650.1470588235294
1024,19:00 - 19:59,Scheldestraat,10,13.5,158,33,4.647058823529412
1025,19:00 - 19:59,Spaklerweg,56,133.0,4439,221,130.55882352941177
1026,19:00 - 19:59,Spui,31,68.0,4690,186,137.94117647058823
1027,19:00 - 19:59,Station Bijlmer ArenA,19,57.5,29894,1047,879.2352941176471
1028,19:00 - 19:59,Station Diemen-Zuid,48,89.0,2991,213,87.97058823529412
1029,19:00 - 19:59,Station Duivendrecht,10,21.0,4464,219,131.2941176470588
1030,19:00 - 19:59,Station Ganzenhoef,10,90.0,3431,239,100.91176470588235
1031,19:00 - 19:59,Station Holendrecht,10,178.5,8724,544,256.5882352941176
1032,19:00 - 19:59,Station Lelylaan,10,111.5,10946,221,321.94117647058823
1033,19:00 - 19:59,Station RAI,17,177.0,6682,420,196.52941176470588
1034,19:00 - 19:59,Station Sloterdijk,10,51.0,17929,381,527.3235294117648
1035,19:00 - 19:59,Station Zuid,10,62.0,43426,1385,1277.235294117647
1036,19:00 - 19:59,Strandvliet,42,86.0,2979,324,87.61764705882354
1037,19:00 - 19:59,VU medisch centrum,10,41.0,1412,61,41.529411764705884
1038,19:00 - 19:59,Van Baerlestraat,10,32.0,3885,170,114.26470588235294
1039,19:00 - 19:59,Van der Madeweg,31,57.0,1915,85,56.3235294117647
1040,19:00 - 19:59,Venserpolder,41,60.0,2072,141,60.94117647058823
1041,19:00 - 19:59,Verrijn Stuartweg,10,19.0,585,30,17.205882352941178
1042,19:00 - 19:59,Victorieplein,10,20.0,2132,52,62.705882352941174
1043,19:00 - 19:59,Vijzelgracht,10,67.0,12358,309,363.47058823529414
1044,19:00 - 19:59,Waalstraat,10,12.0,256,29,7.529411764705882
1045,19:00 - 19:59,Waterlooplein,10,25.0,13964,503,410.70588235294116
1046,19:00 - 19:59,Weesperplein,16,103.0,20800,782,611.7647058823529
1047,19:00 - 19:59,Wibautstraat,10,26.5,8948,327,263.1764705882353
1048,20:00 - 20:59,Amsteldijk,10,13.0,231,27,6.794117647058823
1049,20:00 - 20:59,Amstelstation,10,22.0,13496,423,396.94117647058823
1050,20:00 - 20:59,Amstelveenseweg,10,26.0,4832,195,142.11764705882354
1051,20:00 - 20:59,Beethovenstraat,14,15.0,61,17,1.7941176470588236
1052,20:00 - 20:59,Bullewijk,106,174.0,5971,264,175.61764705882354
1053,20:00 - 20:59,Burg.de Vlugtlaan,10,17.0,1873,58,55.088235294117645
1054,20:00 - 20:59,Centraal Station,10,74.0,81031,1661,2383.264705882353
1055,20:00 - 20:59,Cornelis Troostplein,10,12.0,370,23,10.882352941176471
1056,20:00 - 20:59,Dam,10,94.0,22725,475,668.3823529411765
1057,20:00 - 20:59,De Boelelaan/VU,10,21.0,5384,228,158.35294117647058
1058,20:00 - 20:59,De Pijp,19,43.0,10084,307,296.5882352941176
1059,20:00 - 20:59,Europaplein,10,116.0,4531,399,133.26470588235293
1060,20:00 - 20:59,Gaasperplas,10,20.5,719,72,21.147058823529413
1061,20:00 - 20:59,Gein,34,62.0,2108,90,62.0
1062,20:00 - 20:59,Gerrit v.d. Veenstraat,10,20.0,810,43,23.823529411764707
1063,20:00 - 20:59,Heemstedestraat,10,35.0,1472,79,43.294117647058826
1064,20:00 - 20:59,Henk Sneevlietweg,40,68.0,2214,94,65.11764705882354
1065,20:00 - 20:59,IJsbaanpad,10,13.0,78,17,2.2941176470588234
1066,20:00 - 20:59,Isolatorweg,12,22.0,665,34,19.558823529411764
1067,20:00 - 20:59,Jan v.Galenstraat,10,15.0,2631,75,77.38235294117646
1068,20:00 - 20:59,Keizersgracht,10,20.0,1576,53,46.35294117647059
1069,20:00 - 20:59,Koningsplein,18,67.5,4851,163,142.6764705882353
1070,20:00 - 20:59,Kraaienneststation,10,22.0,2564,86,75.41176470588235
1071,20:00 - 20:59,Leidseplein,26,122.0,17689,293,520.2647058823529
1072,20:00 - 20:59,Maasstraat,10,11.0,101,13,2.9705882352941178
1073,20:00 - 20:59,Marie Heinekenplein,10,26.0,1237,72,36.38235294117647
1074,20:00 - 20:59,Muntplein,11,29.5,1802,49,53.0
1075,20:00 - 20:59,Museumplein,10,40.5,2711,83,79.73529411764706
1076,20:00 - 20:59,Nieuwezijds Kolk,11,46.5,3811,146,112.08823529411765
1077,20:00 - 20:59,Nieuwmarkt,190,254.0,8378,311,246.41176470588235
1078,20:00 - 20:59,Noord,90,143.0,4696,187,138.11764705882354
1079,20:00 - 20:59,Noorderpark,11,86.0,3114,129,91.58823529411765
1080,20:00 - 20:59,Olympiaplein,10,13.0,648,27,19.058823529411764
1081,20:00 - 20:59,Olympiaweg,10,14.0,595,25,17.5
1082,20:00 - 20:59,Olympisch stadion,10,15.0,491,31,14.441176470588236
1083,20:00 - 20:59,Overamstel,34,52.0,1827,135,53.73529411764706
1084,20:00 - 20:59,Postjesweg,10,20.5,1566,47,46.05882352941177
1085,20:00 - 20:59,Prinsengracht,10,30.0,3260,117,95.88235294117646
1086,20:00 - 20:59,Reigersbos,34,73.0,2381,90,70.02941176470588
1087,20:00 - 20:59,Rijksmuseum,10,32.0,2508,139,73.76470588235294
1088,20:00 - 20:59,Roelof Hartplein,10,24.0,2325,88,68.38235294117646
1089,20:00 - 20:59,Rokin,13,64.0,16450,525,483.8235294117647
1090,20:00 - 20:59,Scheldestraat,10,13.0,104,29,3.0588235294117645
1091,20:00 - 20:59,Spaklerweg,56,95.0,3037,141,89.32352941176471
1092,20:00 - 20:59,Spui,15,55.0,3655,103,107.5
1093,20:00 - 20:59,Station Bijlmer ArenA,12,37.0,18118,592,532.8823529411765
1094,20:00 - 20:59,Station Diemen-Zuid,42,62.0,2014,79,59.23529411764706
1095,20:00 - 20:59,Station Duivendrecht,11,73.0,2539,147,74.67647058823529
1096,20:00 - 20:59,Station Ganzenhoef,10,69.5,2664,107,78.3529411764706
1097,20:00 - 20:59,Station Holendrecht,10,149.0,7115,526,209.26470588235293
1098,20:00 - 20:59,Station Lelylaan,27,71.0,6831,117,200.91176470588235
1099,20:00 - 20:59,Station RAI,11,135.0,4657,258,136.97058823529412
1100,20:00 - 20:59,Station Sloterdijk,10,43.5,10156,249,298.70588235294116
1101,20:00 - 20:59,Station Zuid,10,34.0,26342,872,774.7647058823529
1102,20:00 - 20:59,Strandvliet,27,59.0,1964,157,57.76470588235294
1103,20:00 - 20:59,VU medisch centrum,10,17.0,475,31,13.970588235294118
1104,20:00 - 20:59,Van Baerlestraat,10,28.0,2335,90,68.67647058823529
1105,20:00 - 20:59,Van der Madeweg,12,32.0,1065,53,31.323529411764707
1106,20:00 - 20:59,Venserpolder,23,36.0,1223,53,35.970588235294116
1107,20:00 - 20:59,Verrijn Stuartweg,11,13.0,228,23,6.705882352941177
1108,20:00 - 20:59,Victorieplein,10,16.5,1419,44,41.73529411764706
1109,20:00 - 20:59,Vijzelgracht,10,57.0,8590,219,252.64705882352942
1110,20:00 - 20:59,Waalstraat,10,11.0,98,20,2.8823529411764706
1111,20:00 - 20:59,Waterlooplein,10,34.0,10178,346,299.3529411764706
1112,20:00 - 20:59,Weesperplein,10,64.0,15086,593,443.70588235294116
1113,20:00 - 20:59,Wibautstraat,10,159.0,7135,246,209.85294117647058
1114,21:00 - 21:59,Amsteldijk,10,11.0,197,22,5.794117647058823
1115,21:00 - 21:59,Amstelstation,10,20.0,10976,367,322.8235294117647
1116,21:00 - 21:59,Amstelveenseweg,10,23.0,3832,139,112.70588235294117
1117,21:00 - 21:59,Beethovenstraat,13,13.0,13,13,0.38235294117647056
1118,21:00 - 21:59,Bullewijk,70,137.0,4674,206,137.47058823529412
1119,21:00 - 21:59,Burg.de Vlugtlaan,10,19.0,1641,54,48.26470588235294
1120,21:00 - 21:59,Centraal Station,10,74.0,74544,1873,2192.470588235294
1121,21:00 - 21:59,Cornelis Troostplein,10,12.0,404,30,11.882352941176471
1122,21:00 - 21:59,Dam,11,77.0,21315,452,626.9117647058823
1123,21:00 - 21:59,De Boelelaan/VU,10,23.0,3926,162,115.47058823529412
1124,21:00 - 21:59,De Pijp,13,40.0,9917,343,291.6764705882353
1125,21:00 - 21:59,Europaplein,10,99.0,3560,233,104.70588235294117
1126,21:00 - 21:59,Gaasperplas,10,14.5,505,88,14.852941176470589
1127,21:00 - 21:59,Gein,27,47.0,1538,69,45.23529411764706
1128,21:00 - 21:59,Gerrit v.d. Veenstraat,10,15.0,535,26,15.735294117647058
1129,21:00 - 21:59,Heemstedestraat,11,24.5,918,41,27.0
1130,21:00 - 21:59,Henk Sneevlietweg,24,58.0,1948,113,57.294117647058826
1131,21:00 - 21:59,IJsbaanpad,10,10.0,58,17,1.7058823529411764
1132,21:00 - 21:59,Isolatorweg,11,20.5,699,34,20.558823529411764
1133,21:00 - 21:59,Jan v.Galenstraat,10,15.0,1843,60,54.205882352941174
1134,21:00 - 21:59,Keizersgracht,10,22.5,1383,42,40.6764705882353
1135,21:00 - 21:59,Koningsplein,30,67.5,4545,160,133.6764705882353
1136,21:00 - 21:59,Kraaienneststation,10,21.0,2423,79,71.26470588235294
1137,21:00 - 21:59,Leidseplein,50,141.0,18742,285,551.2352941176471
1138,21:00 - 21:59,Maasstraat,10,10.0,10,10,0.29411764705882354
1139,21:00 - 21:59,Marie Heinekenplein,10,21.0,818,48,24.058823529411764
1140,21:00 - 21:59,Muntplein,11,26.0,1610,59,47.35294117647059
1141,21:00 - 21:59,Museumplein,10,35.0,2261,66,66.5
1142,21:00 - 21:59,Nieuwezijds Kolk,11,50.0,3589,124,105.55882352941177
1143,21:00 - 21:59,Nieuwmarkt,207,272.5,8840,344,260.0
1144,21:00 - 21:59,Noord,19,127.0,4162,204,122.41176470588235
1145,21:00 - 21:59,Noorderpark,10,91.0,3307,135,97.26470588235294
1146,21:00 - 21:59,Olympiaplein,10,15.0,519,25,15.264705882352942
1147,21:00 - 21:59,Olympiaweg,10,12.0,390,20,11.470588235294118
1148,21:00 - 21:59,Olympisch stadion,10,13.0,247,20,7.264705882352941
1149,21:00 - 21:59,Overamstel,14,36.0,1205,70,35.44117647058823
1150,21:00 - 21:59,Postjesweg,10,18.0,1312,35,38.588235294117645
1151,21:00 - 21:59,Prinsengracht,10,35.0,2750,88,80.88235294117646
1152,21:00 - 21:59,Reigersbos,11,64.0,2077,77,61.088235294117645
1153,21:00 - 21:59,Rijksmuseum,13,26.0,1910,78,56.1764705882353
1154,21:00 - 21:59,Roelof Hartplein,10,21.0,1689,57,49.6764705882353
1155,21:00 - 21:59,Rokin,12,59.5,16657,518,489.9117647058824
1156,21:00 - 21:59,Scheldestraat,10,11.5,96,16,2.823529411764706
1157,21:00 - 21:59,Spaklerweg,42,75.5,2471,119,72.67647058823529
1158,21:00 - 21:59,Spui,10,40.0,2717,106,79.91176470588235
1159,21:00 - 21:59,Station Bijlmer ArenA,10,35.0,14522,427,427.11764705882354
1160,21:00 - 21:59,Station Diemen-Zuid,11,56.0,1794,75,52.76470588235294
1161,21:00 - 21:59,Station Duivendrecht,10,73.5,2431,107,71.5
1162,21:00 - 21:59,Station Ganzenhoef,10,67.5,2639,108,77.61764705882354
1163,21:00 - 21:59,Station Holendrecht,10,120.5,4679,327,137.61764705882354
1164,21:00 - 21:59,Station Lelylaan,11,63.0,5892,98,173.2941176470588
1165,21:00 - 21:59,Station RAI,10,119.5,3937,188,115.79411764705883
1166,21:00 - 21:59,Station Sloterdijk,10,41.0,8673,173,255.08823529411765
1167,21:00 - 21:59,Station Zuid,10,30.0,20215,677,594.5588235294117
1168,21:00 - 21:59,Strandvliet,13,48.0,1552,75,45.64705882352941
1169,21:00 - 21:59,VU medisch centrum,10,14.0,125,20,3.676470588235294
1170,21:00 - 21:59,Van Baerlestraat,10,27.0,2045,77,60.14705882352941
1171,21:00 - 21:59,Van der Madeweg,12,26.5,857,44,25.205882352941178
1172,21:00 - 21:59,Venserpolder,13,27.0,938,44,27.58823529411765
1173,21:00 - 21:59,Verrijn Stuartweg,11,13.5,229,20,6.735294117647059
1174,21:00 - 21:59,Victorieplein,10,15.0,1096,29,32.23529411764706
1175,21:00 - 21:59,Vijzelgracht,10,48.0,7933,247,233.3235294117647
1176,21:00 - 21:59,Waalstraat,10,11.0,46,14,1.3529411764705883
1177,21:00 - 21:59,Waterlooplein,10,120.0,9941,476,292.38235294117646
1178,21:00 - 21:59,Weesperplein,12,61.0,14544,614,427.7647058823529
1179,21:00 - 21:59,Wibautstraat,10,151.5,5954,246,175.11764705882354
1180,22:00 - 22:59,Amsteldijk,10,16.0,125,21,3.676470588235294
1181,22:00 - 22:59,Amstelstation,10,19.0,9263,307,272.44117647058823
1182,22:00 - 22:59,Amstelveenseweg,10,37.0,2666,103,78.41176470588235
1183,22:00 - 22:59,Beethovenstraat,10,10.5,21,11,0.6176470588235294
1184,22:00 - 22:59,Bullewijk,35,54.0,1934,90,56.88235294117647
1185,22:00 - 22:59,Burg.de Vlugtlaan,10,26.0,1063,41,31.264705882352942
1186,22:00 - 22:59,Centraal Station,10,70.0,70827,1842,2083.1470588235293
1187,22:00 - 22:59,Cornelis Troostplein,10,11.0,164,20,4.823529411764706
1188,22:00 - 22:59,Dam,10,66.0,18464,533,543.0588235294117
1189,22:00 - 22:59,De Boelelaan/VU,10,16.0,1443,70,42.44117647058823
1190,22:00 - 22:59,De Pijp,14,34.0,8046,238,236.64705882352942
1191,22:00 - 22:59,Europaplein,39,72.5,2678,211,78.76470588235294
1192,22:00 - 22:59,Gaasperplas,10,12.0,321,42,9.441176470588236
1193,22:00 - 22:59,Gein,20,36.0,1134,61,33.35294117647059
1194,22:00 - 22:59,Gerrit v.d. Veenstraat,10,11.0,194,23,5.705882352941177
1195,22:00 - 22:59,Heemstedestraat,11,17.5,603,33,17.735294117647058
1196,22:00 - 22:59,Henk Sneevlietweg,19,37.5,1266,61,37.23529411764706
1197,22:00 - 22:59,Isolatorweg,11,17.0,487,25,14.323529411764707
1198,22:00 - 22:59,Jan v.Galenstraat,10,27.0,1218,48,35.8235294117647
1199,22:00 - 22:59,Keizersgracht,10,22.0,1327,53,39.029411764705884
1200,22:00 - 22:59,Koningsplein,23,66.0,4346,151,127.82352941176471
1201,22:00 - 22:59,Kraaienneststation,10,34.5,1483,59,43.61764705882353
1202,22:00 - 22:59,Leidseplein,57,178.0,27554,643,810.4117647058823
1203,22:00 - 22:59,Maasstraat,10,10.0,20,10,0.5882352941176471
1204,22:00 - 22:59,Marie Heinekenplein,10,18.0,457,49,13.441176470588236
1205,22:00 - 22:59,Muntplein,10,24.0,1331,53,39.14705882352941
1206,22:00 - 22:59,Museumplein,12,78.0,6647,280,195.5
1207,22:00 - 22:59,Nieuwezijds Kolk,13,51.0,3835,145,112.79411764705883
1208,22:00 - 22:59,Nieuwmarkt,10,274.0,8940,462,262.94117647058823
1209,22:00 - 22:59,Noord,15,98.0,3210,125,94.41176470588235
1210,22:00 - 22:59,Noorderpark,11,66.0,2261,160,66.5
1211,22:00 - 22:59,Olympiaplein,10,11.0,274,19,8.058823529411764
1212,22:00 - 22:59,Olympiaweg,10,12.0,191,18,5.617647058823529
1213,22:00 - 22:59,Olympisch stadion,10,14.0,153,19,4.5
1214,22:00 - 22:59,Overamstel,13,31.0,1037,90,30.5
1215,22:00 - 22:59,Postjesweg,10,14.0,969,41,28.5
1216,22:00 - 22:59,Prinsengracht,10,37.0,3057,178,89.91176470588235
1217,22:00 - 22:59,Reigersbos,10,45.0,1428,61,42.0
1218,22:00 - 22:59,Rijksmuseum,11,25.0,1592,57,46.8235294117647
1219,22:00 - 22:59,Roelof Hartplein,10,20.0,1468,39,43.1764705882353
1220,22:00 - 22:59,Rokin,10,50.0,14631,509,430.3235294117647
1221,22:00 - 22:59,Scheldestraat,16,16.0,16,16,0.47058823529411764
1222,22:00 - 22:59,Spaklerweg,20,52.0,1666,69,49.0
1223,22:00 - 22:59,Spui,16,40.0,2678,98,78.76470588235294
1224,22:00 - 22:59,Station Bijlmer ArenA,11,29.0,14394,1220,423.3529411764706
1225,22:00 - 22:59,Station Diemen-Zuid,18,35.0,1208,55,35.529411764705884
1226,22:00 - 22:59,Station Duivendrecht,10,66.0,2148,103,63.1764705882353
1227,22:00 - 22:59,Station Ganzenhoef,13,51.0,1715,83,50.44117647058823
1228,22:00 - 22:59,Station Holendrecht,20,71.0,2484,208,73.05882352941177
1229,22:00 - 22:59,Station Lelylaan,10,54.0,5206,88,153.11764705882354
1230,22:00 - 22:59,Station RAI,10,72.0,2627,177,77.26470588235294
1231,22:00 - 22:59,Station Sloterdijk,10,34.0,7931,163,233.26470588235293
1232,22:00 - 22:59,Station Zuid,10,23.0,13198,422,388.1764705882353
1233,22:00 - 22:59,Strandvliet,13,33.0,1924,673,56.588235294117645
1234,22:00 - 22:59,VU medisch centrum,10,10.5,43,12,1.2647058823529411
1235,22:00 - 22:59,Van Baerlestraat,10,28.0,2081,72,61.205882352941174
1236,22:00 - 22:59,Van der Madeweg,16,23.0,785,34,23.08823529411765
1237,22:00 - 22:59,Venserpolder,12,21.0,692,35,20.352941176470587
1238,22:00 - 22:59,Verrijn Stuartweg,10,13.0,179,19,5.264705882352941
1239,22:00 - 22:59,Victorieplein,10,14.0,848,36,24.941176470588236
1240,22:00 - 22:59,Vijzelgracht,10,38.0,8144,375,239.52941176470588
1241,22:00 - 22:59,Waterlooplein,10,28.5,11865,708,348.97058823529414
1242,22:00 - 22:59,Weesperplein,11,49.0,13467,638,396.0882352941176
1243,22:00 - 22:59,Wibautstraat,10,152.0,5104,231,150.11764705882354
1244,23:00 - 23:59,Amstelstation,10,19.0,4510,207,132.64705882352942
1245,23:00 - 23:59,Amstelveenseweg,10,33.0,1275,50,37.5
1246,23:00 - 23:59,Bullewijk,14,27.0,909,54,26.735294117647058
1247,23:00 - 23:59,Burg.de Vlugtlaan,10,17.0,604,26,17.764705882352942
1248,23:00 - 23:59,Centraal Station,10,52.0,51769,1351,1522.6176470588234
1249,23:00 - 23:59,Cornelis Troostplein,11,11.0,36,14,1.0588235294117647
1250,23:00 - 23:59,Dam,10,43.0,13265,397,390.1470588235294
1251,23:00 - 23:59,De Boelelaan/VU,10,14.0,194,30,5.705882352941177
1252,23:00 - 23:59,De Pijp,10,23.5,5039,160,148.2058823529412
1253,23:00 - 23:59,Europaplein,16,31.0,1114,71,32.76470588235294
1254,23:00 - 23:59,Gaasperplas,10,12.0,118,21,3.4705882352941178
1255,23:00 - 23:59,Gein,12,24.5,767,49,22.558823529411764
1256,23:00 - 23:59,Gerrit v.d. Veenstraat,10,11.0,43,11,1.2647058823529411
1257,23:00 - 23:59,Heemstedestraat,10,13.0,407,26,11.970588235294118
1258,23:00 - 23:59,Henk Sneevlietweg,18,28.0,852,42,25.058823529411764
1259,23:00 - 23:59,Isolatorweg,10,13.0,302,52,8.882352941176471
1260,23:00 - 23:59,Jan v.Galenstraat,10,27.0,923,38,27.147058823529413
1261,23:00 - 23:59,Keizersgracht,10,14.0,639,29,18.794117647058822
1262,23:00 - 23:59,Koningsplein,12,47.0,3397,169,99.91176470588235
1263,23:00 - 23:59,Kraaienneststation,11,26.0,813,47,23.91176470588235
1264,23:00 - 23:59,Leidseplein,63,137.0,19104,437,561.8823529411765
1265,23:00 - 23:59,Marie Heinekenplein,10,14.0,130,20,3.823529411764706
1266,23:00 - 23:59,Muntplein,10,20.0,1295,56,38.088235294117645
1267,23:00 - 23:59,Museumplein,10,22.0,2163,277,63.61764705882353
1268,23:00 - 23:59,Nieuwezijds Kolk,10,45.5,2891,129,85.02941176470588
1269,23:00 - 23:59,Nieuwmarkt,136,184.0,6466,356,190.1764705882353
1270,23:00 - 23:59,Noord,11,52.0,1749,106,51.44117647058823
1271,23:00 - 23:59,Noorderpark,11,35.0,1385,190,40.73529411764706
1272,23:00 - 23:59,Olympiaweg,10,11.0,60,15,1.7647058823529411
1273,23:00 - 23:59,Olympisch stadion,10,10.5,21,11,0.6176470588235294
1274,23:00 - 23:59,Overamstel,15,28.0,907,56,26.676470588235293
1275,23:00 - 23:59,Postjesweg,10,12.0,235,20,6.911764705882353
1276,23:00 - 23:59,Prinsengracht,10,31.0,2302,123,67.70588235294117
1277,23:00 - 23:59,Reigersbos,11,25.0,802,55,23.58823529411765
1278,23:00 - 23:59,Rijksmuseum,10,17.0,961,37,28.264705882352942
1279,23:00 - 23:59,Roelof Hartplein,10,13.0,637,29,18.735294117647058
1280,23:00 - 23:59,Rokin,10,41.5,11007,505,323.7352941176471
1281,23:00 - 23:59,Spaklerweg,15,46.0,1506,65,44.294117647058826
1282,23:00 - 23:59,Spui,12,23.0,1723,110,50.6764705882353
1283,23:00 - 23:59,Station Bijlmer ArenA,10,31.0,13084,1448,384.8235294117647
1284,23:00 - 23:59,Station Diemen-Zuid,11,23.0,762,39,22.41176470588235
1285,23:00 - 23:59,Station Duivendrecht,13,38.0,1310,82,38.529411764705884
1286,23:00 - 23:59,Station Ganzenhoef,12,27.0,894,69,26.294117647058822
1287,23:00 - 23:59,Station Holendrecht,50,69.5,2219,91,65.26470588235294
1288,23:00 - 23:59,Station Lelylaan,10,36.5,3518,63,103.47058823529412
1289,23:00 - 23:59,Station RAI,13,40.0,1458,72,42.88235294117647
1290,23:00 - 23:59,Station Sloterdijk,10,26.5,6057,129,178.14705882352942
1291,23:00 - 23:59,Station Zuid,10,17.0,8157,314,239.91176470588235
1292,23:00 - 23:59,Strandvliet,10,16.0,2620,1514,77.05882352941177
1293,23:00 - 23:59,VU medisch centrum,10,10.0,20,10,0.5882352941176471
1294,23:00 - 23:59,Van Baerlestraat,10,21.0,1203,41,35.38235294117647
1295,23:00 - 23:59,Van der Madeweg,10,13.0,412,25,12.117647058823529
1296,23:00 - 23:59,Venserpolder,10,15.0,288,24,8.470588235294118
1297,23:00 - 23:59,Victorieplein,10,11.5,139,14,4.088235294117647
1298,23:00 - 23:59,Vijzelgracht,10,29.0,4706,183,138.41176470588235
1299,23:00 - 23:59,Waterlooplein,10,160.5,8053,616,236.85294117647058
1300,23:00 - 23:59,Weesperplein,10,31.5,5562,479,163.58823529411765
1301,23:00 - 23:59,Wibautstraat,11,104.0,3353,132,98.61764705882354
